image_name,y_true,y_pred,true_label_name,pred_label_name
c4822.jpg,0,0,cloudy,cloudy
c1635.jpg,0,4,cloudy,sunny
c0771.jpg,0,0,cloudy,cloudy
28025651.jpg,4,4,sunny,sunny
c3520.jpg,0,0,cloudy,cloudy
106.jpg,1,1,foggy,foggy
cloudy100.jpg,0,4,cloudy,sunny
rain107.jpg,2,3,rainy,snowy
c4410.jpg,0,2,cloudy,rainy
1425.jpg,3,2,snowy,rainy
c1689.jpg,0,0,cloudy,cloudy
cloudy128.jpg,0,4,cloudy,sunny
c3809.jpg,0,0,cloudy,cloudy
foggy day-50.jpeg,1,1,foggy,foggy
cloudy132.jpg,0,0,cloudy,cloudy
rain173.jpg,2,0,rainy,cloudy
86.jpg,2,2,rainy,rainy
c4282.jpg,0,0,cloudy,cloudy
s4372.jpg,4,4,sunny,sunny
snowy day-109.jpeg,3,3,snowy,snowy
20431095.jpg,4,4,sunny,sunny
s4939.jpg,4,2,sunny,rainy
c0134.jpg,0,0,cloudy,cloudy
s0225.jpg,4,0,sunny,cloudy
s0176.jpg,4,4,sunny,sunny
s4101.jpg,4,4,sunny,sunny
124347.jpg,0,2,cloudy,rainy
s1363.jpg,4,4,sunny,sunny
2775684410.jpg,1,2,foggy,rainy
8271989.jpg,3,3,snowy,snowy
547881323.jpg,2,0,rainy,cloudy
s4251.jpg,4,4,sunny,sunny
2607867334.jpg,2,2,rainy,rainy
c1092.jpg,0,0,cloudy,cloudy
cloudy290.jpg,0,1,cloudy,foggy
c2873.jpg,0,4,cloudy,sunny
c0749.jpg,0,3,cloudy,snowy
s2181.jpg,4,4,sunny,sunny
26568590.jpg,4,4,sunny,sunny
7291274.jpg,0,2,cloudy,rainy
s4836.jpg,4,4,sunny,sunny
4292.jpg,1,1,foggy,foggy
3018885790.jpg,3,0,snowy,cloudy
4625.jpg,1,0,foggy,cloudy
c3557.jpg,0,3,cloudy,snowy
25550356.jpg,4,4,sunny,sunny
1467.jpg,2,2,rainy,rainy
c4504.jpg,0,0,cloudy,cloudy
c1678.jpg,0,0,cloudy,cloudy
14002238.jpg,4,4,sunny,sunny
c1472.jpg,0,0,cloudy,cloudy
321652364.jpg,1,1,foggy,foggy
c3843.jpg,0,0,cloudy,cloudy
c2040.jpg,0,0,cloudy,cloudy
c1437.jpg,0,0,cloudy,cloudy
s2273.jpg,4,4,sunny,sunny
2206337814.jpg,2,4,rainy,sunny
c0053.jpg,0,2,cloudy,rainy
sunny weather-128.jpeg,4,4,sunny,sunny
26119344.jpg,2,2,rainy,rainy
s2721.jpg,4,4,sunny,sunny
1183.jpg,3,3,snowy,snowy
0892.jpg,3,3,snowy,snowy
s1161.jpg,4,4,sunny,sunny
rain10.jpg,2,2,rainy,rainy
3259550817.jpg,3,0,snowy,cloudy
s2719.jpg,4,4,sunny,sunny
220884218.jpg,1,1,foggy,foggy
cloudy weather-24.jpeg,0,2,cloudy,rainy
s4411.jpg,4,4,sunny,sunny
c1868.jpg,0,2,cloudy,rainy
3219757653.jpg,3,3,snowy,snowy
s3815.jpg,4,4,sunny,sunny
2690421.jpg,0,2,cloudy,rainy
c3367.jpg,0,0,cloudy,cloudy
s0219.jpg,4,4,sunny,sunny
s4933.jpg,4,4,sunny,sunny
c4466.jpg,0,0,cloudy,cloudy
c1142.jpg,0,0,cloudy,cloudy
c3332.jpg,0,2,cloudy,rainy
c4453.jpg,0,3,cloudy,snowy
s3300.jpg,4,4,sunny,sunny
128031521.jpg,2,2,rainy,rainy
4457.jpg,1,1,foggy,foggy
rain5.jpg,2,0,rainy,cloudy
c3904.jpg,0,0,cloudy,cloudy
20599651.jpg,4,4,sunny,sunny
2634754292.jpg,2,2,rainy,rainy
79.jpg,1,1,foggy,foggy
s3874.jpg,4,4,sunny,sunny
c0990.jpg,0,0,cloudy,cloudy
1300.jpg,3,3,snowy,snowy
c3691.jpg,0,0,cloudy,cloudy
248541543.jpg,2,0,rainy,cloudy
335422016.jpg,2,0,rainy,cloudy
2046801742.jpg,3,3,snowy,snowy
29316991.jpg,4,3,sunny,snowy
c2318.jpg,0,0,cloudy,cloudy
c1638.jpg,0,0,cloudy,cloudy
s2278.jpg,4,4,sunny,sunny
9364316.jpg,0,0,cloudy,cloudy
c4179.jpg,0,0,cloudy,cloudy
2067067333.jpg,2,3,rainy,snowy
c0140.jpg,0,0,cloudy,cloudy
s4545.jpg,4,2,sunny,rainy
30892180.jpg,0,0,cloudy,cloudy
s3436.jpg,4,2,sunny,rainy
s0131.jpg,4,0,sunny,cloudy
snowy day-127.jpeg,3,4,snowy,sunny
s4497.jpg,4,4,sunny,sunny
s0481.jpg,4,4,sunny,sunny
s4855.jpg,4,3,sunny,snowy
6869966.jpg,0,0,cloudy,cloudy
c4878.jpg,0,0,cloudy,cloudy
1350931.jpg,0,0,cloudy,cloudy
14887391.jpg,4,4,sunny,sunny
s067.jpg,4,4,sunny,sunny
4733.jpg,1,1,foggy,foggy
c023.jpg,0,0,cloudy,cloudy
c4167.jpg,0,0,cloudy,cloudy
0965.jpg,3,3,snowy,snowy
6709444.jpg,0,2,cloudy,rainy
c0685.jpg,0,3,cloudy,snowy
s0702.jpg,4,2,sunny,rainy
shine174.jpg,4,4,sunny,sunny
c0977.jpg,0,0,cloudy,cloudy
s1170.jpg,4,4,sunny,sunny
foggy weather-84.jpeg,1,1,foggy,foggy
s0556.jpg,4,4,sunny,sunny
foggy day-40.jpeg,1,0,foggy,cloudy
s4277.jpg,4,4,sunny,sunny
c2389.jpg,0,0,cloudy,cloudy
27456596.jpg,4,2,sunny,rainy
sunny weather-37.jpeg,4,0,sunny,cloudy
4220.jpg,1,1,foggy,foggy
0983.jpg,3,3,snowy,snowy
cloudy264.jpg,0,0,cloudy,cloudy
55.jpg,2,3,rainy,snowy
1130.jpg,3,3,snowy,snowy
1127.jpg,3,3,snowy,snowy
s0763.jpg,4,0,sunny,cloudy
3265502253.jpg,3,3,snowy,snowy
s4786.jpg,4,4,sunny,sunny
c4367.jpg,0,0,cloudy,cloudy
3268159266.jpg,3,3,snowy,snowy
s050.jpg,4,0,sunny,cloudy
3056150527.jpg,3,3,snowy,snowy
c1874.jpg,0,0,cloudy,cloudy
c2476.jpg,0,2,cloudy,rainy
s1168.jpg,4,4,sunny,sunny
1524.jpg,2,0,rainy,cloudy
c4895.jpg,0,0,cloudy,cloudy
s4702.jpg,4,4,sunny,sunny
c3092.jpg,0,0,cloudy,cloudy
s3807.jpg,4,4,sunny,sunny
s4655.jpg,4,0,sunny,cloudy
shine57.jpg,4,4,sunny,sunny
s1975.jpg,4,3,sunny,snowy
c2192.jpg,0,0,cloudy,cloudy
2115795006.jpg,3,2,snowy,rainy
c3240.jpg,0,0,cloudy,cloudy
c3703.jpg,0,0,cloudy,cloudy
c4396.jpg,0,3,cloudy,snowy
3101647403.jpg,3,3,snowy,snowy
c030.jpg,0,0,cloudy,cloudy
c4626.jpg,0,0,cloudy,cloudy
1183.jpg,2,2,rainy,rainy
s1120.jpg,4,4,sunny,sunny
s4883.jpg,4,4,sunny,sunny
s2747.jpg,4,4,sunny,sunny
2281469254.jpg,3,3,snowy,snowy
2138224444.jpg,2,2,rainy,rainy
c1852.jpg,0,4,cloudy,sunny
12463436.jpg,0,4,cloudy,sunny
c4415.jpg,0,3,cloudy,snowy
foggy weather-99.jpeg,1,1,foggy,foggy
s3866.jpg,4,4,sunny,sunny
c0826.jpg,0,0,cloudy,cloudy
15669525.jpg,0,4,cloudy,sunny
1673070646.jpg,2,0,rainy,cloudy
4822.jpg,1,1,foggy,foggy
23540084.jpg,4,4,sunny,sunny
s1885.jpg,4,4,sunny,sunny
s0398.jpg,4,4,sunny,sunny
s1721.jpg,4,4,sunny,sunny
cloudy44.jpg,0,0,cloudy,cloudy
s3726.jpg,4,4,sunny,sunny
s1032.jpg,4,4,sunny,sunny
c2643.jpg,0,0,cloudy,cloudy
2226723911.jpg,2,2,rainy,rainy
c1267.jpg,0,0,cloudy,cloudy
1182320768.jpg,3,3,snowy,snowy
4312.jpg,1,0,foggy,cloudy
snowy weather-10.jpeg,3,3,snowy,snowy
c4887.jpg,0,4,cloudy,sunny
9784182.jpg,0,0,cloudy,cloudy
shine212.jpg,4,4,sunny,sunny
shine194.jpg,4,3,sunny,snowy
snowy day-45.jpeg,3,3,snowy,snowy
s4221.jpg,4,4,sunny,sunny
rainy day-111.jpeg,2,0,rainy,cloudy
s1783.jpg,4,4,sunny,sunny
s3972.jpg,4,4,sunny,sunny
s3775.jpg,4,4,sunny,sunny
c4644.jpg,0,0,cloudy,cloudy
s3263.jpg,4,4,sunny,sunny
c4877.jpg,0,1,cloudy,foggy
s0835.jpg,4,4,sunny,sunny
c3867.jpg,0,0,cloudy,cloudy
snowy weather-105.jpeg,3,3,snowy,snowy
c2019.jpg,0,0,cloudy,cloudy
2699590.jpg,0,0,cloudy,cloudy
c4292.jpg,0,0,cloudy,cloudy
s3568.jpg,4,4,sunny,sunny
cloudy day-84.jpeg,0,0,cloudy,cloudy
c1074.jpg,0,0,cloudy,cloudy
c3229.jpg,0,4,cloudy,sunny
c4693.jpg,0,2,cloudy,rainy
81.jpg,2,2,rainy,rainy
c0869.jpg,0,0,cloudy,cloudy
foggy weather-115.jpeg,1,1,foggy,foggy
c2421.jpg,0,0,cloudy,cloudy
24422239.jpg,4,0,sunny,cloudy
257102477.jpg,2,2,rainy,rainy
sunny weather-94.png,4,4,sunny,sunny
sunny sky-89.jpeg,4,0,sunny,cloudy
cloudy day-14.jpeg,0,0,cloudy,cloudy
4554.jpg,1,1,foggy,foggy
4355.jpg,1,1,foggy,foggy
c0129.jpg,0,0,cloudy,cloudy
s4522.jpg,4,4,sunny,sunny
c2229.jpg,0,0,cloudy,cloudy
2124939058.jpg,3,3,snowy,snowy
c2608.jpg,0,0,cloudy,cloudy
s1360.jpg,4,4,sunny,sunny
3232186509.jpg,3,3,snowy,snowy
c1822.jpg,0,0,cloudy,cloudy
4461.jpg,1,1,foggy,foggy
1394.jpg,3,3,snowy,snowy
c0969.jpg,0,0,cloudy,cloudy
2641738640.jpg,2,0,rainy,cloudy
s1890.jpg,4,4,sunny,sunny
s2704.jpg,4,4,sunny,sunny
s2923.jpg,4,4,sunny,sunny
c3479.jpg,0,4,cloudy,sunny
s3255.jpg,4,3,sunny,snowy
s2569.jpg,4,4,sunny,sunny
1434495633.jpg,3,0,snowy,cloudy
27738282.jpg,4,4,sunny,sunny
c0964.jpg,0,0,cloudy,cloudy
s1556.jpg,4,3,sunny,snowy
sunny sky-81.jpeg,4,0,sunny,cloudy
3247697745.jpg,3,3,snowy,snowy
c2267.jpg,0,0,cloudy,cloudy
s2950.jpg,4,4,sunny,sunny
s4157.jpg,4,0,sunny,cloudy
c4308.jpg,0,3,cloudy,snowy
s1138.jpg,4,4,sunny,sunny
c2823.jpg,0,0,cloudy,cloudy
foggy weather-55.jpeg,1,1,foggy,foggy
12840698.jpg,4,3,sunny,snowy
844137030.jpg,2,3,rainy,snowy
c2481.jpg,0,0,cloudy,cloudy
s3902.jpg,4,4,sunny,sunny
cloudy199.jpg,0,0,cloudy,cloudy
s0496.jpg,4,4,sunny,sunny
c2213.jpg,0,0,cloudy,cloudy
c3141.jpg,0,0,cloudy,cloudy
s0476.jpg,4,4,sunny,sunny
26099092.jpg,0,0,cloudy,cloudy
29452718.jpg,4,4,sunny,sunny
c1633.jpg,0,2,cloudy,rainy
s1747.jpg,4,4,sunny,sunny
s1378.jpg,4,0,sunny,cloudy
3260187857.jpg,3,3,snowy,snowy
4839.jpg,1,0,foggy,cloudy
rainy day-82.jpeg,2,0,rainy,cloudy
c3045.jpg,0,0,cloudy,cloudy
2218587684.jpg,2,2,rainy,rainy
s2027.jpg,4,0,sunny,cloudy
c4474.jpg,0,0,cloudy,cloudy
20599468.jpg,4,4,sunny,sunny
cloudy150.jpg,0,0,cloudy,cloudy
s4467.jpg,4,4,sunny,sunny
79734660.jpg,3,0,snowy,cloudy
s060.jpg,4,4,sunny,sunny
foggy weather-44.jpeg,1,1,foggy,foggy
4417.jpg,1,1,foggy,foggy
c1881.jpg,0,0,cloudy,cloudy
cloudy weather-146.jpeg,0,4,cloudy,sunny
c0777.jpg,0,2,cloudy,rainy
c3845.jpg,0,0,cloudy,cloudy
c012.jpg,0,0,cloudy,cloudy
foggy day-2.jpeg,1,1,foggy,foggy
s0109.jpg,4,4,sunny,sunny
c2858.jpg,0,0,cloudy,cloudy
s1349.jpg,4,4,sunny,sunny
s1389.jpg,4,4,sunny,sunny
4629.jpg,1,0,foggy,cloudy
c1440.jpg,0,0,cloudy,cloudy
3247727759.jpg,3,3,snowy,snowy
2366334289.jpg,2,2,rainy,rainy
4345.jpg,1,1,foggy,foggy
sunny weather-22.jpeg,4,4,sunny,sunny
c3982.jpg,0,0,cloudy,cloudy
c3775.jpg,0,3,cloudy,snowy
shine178.jpg,4,4,sunny,sunny
s4556.jpg,4,4,sunny,sunny
c2361.jpg,0,0,cloudy,cloudy
s3376.jpg,4,4,sunny,sunny
s3852.jpg,4,3,sunny,snowy
s1028.jpg,4,4,sunny,sunny
98728437.jpg,3,3,snowy,snowy
s4314.jpg,4,4,sunny,sunny
s3050.jpg,4,4,sunny,sunny
10990763.jpg,0,2,cloudy,rainy
c3955.jpg,0,0,cloudy,cloudy
s2265.jpg,4,4,sunny,sunny
23219515.jpg,4,4,sunny,sunny
s3429.jpg,4,4,sunny,sunny
s2387.jpg,4,4,sunny,sunny
c2293.jpg,0,2,cloudy,rainy
s0748.jpg,4,4,sunny,sunny
25651730.jpg,4,4,sunny,sunny
1346.jpg,3,3,snowy,snowy
3011975413.jpg,1,0,foggy,cloudy
c4818.jpg,0,0,cloudy,cloudy
sunny weather-40.jpeg,4,4,sunny,sunny
c3035.jpg,0,2,cloudy,rainy
13397325.jpg,4,4,sunny,sunny
1848745773.jpg,2,2,rainy,rainy
s2920.jpg,4,1,sunny,foggy
s1329.jpg,4,4,sunny,sunny
s0884.jpg,4,4,sunny,sunny
0931.jpg,3,3,snowy,snowy
2530533465.jpg,2,2,rainy,rainy
cloudy2.jpg,0,0,cloudy,cloudy
c1753.jpg,0,0,cloudy,cloudy
s0615.jpg,4,4,sunny,sunny
2299850240.jpg,2,2,rainy,rainy
s2444.jpg,4,4,sunny,sunny
10416398.jpg,0,0,cloudy,cloudy
c0944.jpg,0,1,cloudy,foggy
3232187323.jpg,3,3,snowy,snowy
s2899.jpg,4,4,sunny,sunny
23072809.jpg,4,4,sunny,sunny
19173896.jpg,0,4,cloudy,sunny
c2675.jpg,0,1,cloudy,foggy
2241096212.jpg,2,2,rainy,rainy
cloudy weather-95.jpeg,0,3,cloudy,snowy
c0630.jpg,0,0,cloudy,cloudy
c3683.jpg,0,0,cloudy,cloudy
s1052.jpg,4,3,sunny,snowy
s2604.jpg,4,4,sunny,sunny
c1524.jpg,0,0,cloudy,cloudy
c2635.jpg,0,0,cloudy,cloudy
c4161.jpg,0,4,cloudy,sunny
s3395.jpg,4,4,sunny,sunny
s0056.jpg,4,4,sunny,sunny
11077783.jpg,4,4,sunny,sunny
12663228.jpg,0,4,cloudy,sunny
rain128.jpg,2,2,rainy,rainy
4638.jpg,1,1,foggy,foggy
cloudy174.jpg,0,0,cloudy,cloudy
c4658.jpg,0,2,cloudy,rainy
s4079.jpg,4,4,sunny,sunny
s3438.jpg,4,0,sunny,cloudy
c2967.jpg,0,0,cloudy,cloudy
214026.jpg,0,4,cloudy,sunny
shine132.jpg,4,0,sunny,cloudy
s1489.jpg,4,4,sunny,sunny
9475416.jpg,4,2,sunny,rainy
c4599.jpg,0,0,cloudy,cloudy
c1904.jpg,0,0,cloudy,cloudy
c2793.jpg,0,0,cloudy,cloudy
foggy day-142.jpeg,1,1,foggy,foggy
cloudy283.jpg,0,0,cloudy,cloudy
c1768.jpg,0,2,cloudy,rainy
s1479.jpg,4,4,sunny,sunny
1041.jpg,3,3,snowy,snowy
262.jpg,1,1,foggy,foggy
0960.jpg,3,3,snowy,snowy
snowy day-148.jpeg,3,3,snowy,snowy
1376.jpg,3,3,snowy,snowy
c4862.jpg,0,0,cloudy,cloudy
0885.jpg,3,3,snowy,snowy
s0296.jpg,4,4,sunny,sunny
s0931.jpg,4,4,sunny,sunny
cloudy weather-11.jpeg,0,0,cloudy,cloudy
s4789.jpg,4,4,sunny,sunny
20599510.jpg,0,0,cloudy,cloudy
c3536.jpg,0,0,cloudy,cloudy
c1221.jpg,0,4,cloudy,sunny
c3871.jpg,0,0,cloudy,cloudy
c4630.jpg,0,2,cloudy,rainy
s2539.jpg,4,2,sunny,rainy
s3092.jpg,4,4,sunny,sunny
c3331.jpg,0,2,cloudy,rainy
s4876.jpg,4,4,sunny,sunny
s4404.jpg,4,4,sunny,sunny
3265484515.jpg,3,3,snowy,snowy
s4498.jpg,4,4,sunny,sunny
c0354.jpg,0,0,cloudy,cloudy
c0040.jpg,0,0,cloudy,cloudy
3167043969.jpg,3,3,snowy,snowy
s2688.jpg,4,4,sunny,sunny
946464041.jpg,2,2,rainy,rainy
2227218852.jpg,1,4,foggy,sunny
s3653.jpg,4,4,sunny,sunny
s2190.jpg,4,4,sunny,sunny
1074.jpg,3,3,snowy,snowy
s1307.jpg,4,4,sunny,sunny
2276631407.jpg,3,3,snowy,snowy
2229807212.jpg,2,3,rainy,snowy
3483105096.jpg,1,1,foggy,foggy
s0631.jpg,4,4,sunny,sunny
c1665.jpg,0,0,cloudy,cloudy
756912550.jpg,2,2,rainy,rainy
c0620.jpg,0,0,cloudy,cloudy
2274434571.jpg,3,3,snowy,snowy
6506559.jpg,4,4,sunny,sunny
s2404.jpg,4,4,sunny,sunny
s0919.jpg,4,4,sunny,sunny
foggy day-8.jpeg,1,1,foggy,foggy
s2595.jpg,4,4,sunny,sunny
s3264.jpg,4,4,sunny,sunny
2268118924.jpg,1,0,foggy,cloudy
3244188372.jpg,3,3,snowy,snowy
s2781.jpg,4,4,sunny,sunny
c4768.jpg,0,0,cloudy,cloudy
s0712.jpg,4,4,sunny,sunny
c3321.jpg,0,0,cloudy,cloudy
c2460.jpg,0,0,cloudy,cloudy
3234241875.jpg,3,3,snowy,snowy
shine55.jpg,4,4,sunny,sunny
7061862.jpg,4,3,sunny,snowy
c2258.jpg,0,0,cloudy,cloudy
309068442.jpg,3,4,snowy,sunny
150.jpg,1,1,foggy,foggy
s0991.jpg,4,4,sunny,sunny
c006.jpg,0,0,cloudy,cloudy
shine66.jpg,4,4,sunny,sunny
29956795.jpg,0,0,cloudy,cloudy
c2618.jpg,0,2,cloudy,rainy
0957.jpg,3,3,snowy,snowy
c4081.jpg,0,0,cloudy,cloudy
117.jpg,2,3,rainy,snowy
c2629.jpg,0,0,cloudy,cloudy
c3384.jpg,0,0,cloudy,cloudy
s4222.jpg,4,4,sunny,sunny
5466336.jpg,4,4,sunny,sunny
s0202.jpg,4,4,sunny,sunny
2297021754.jpg,3,3,snowy,snowy
s0534.jpg,4,4,sunny,sunny
1878762001.jpg,3,3,snowy,snowy
s0263.jpg,4,4,sunny,sunny
4593.jpg,1,1,foggy,foggy
s4165.jpg,4,4,sunny,sunny
rain19.jpg,2,3,rainy,snowy
1201.jpg,3,4,snowy,sunny
s0609.jpg,4,0,sunny,cloudy
s2782.jpg,4,4,sunny,sunny
s3903.jpg,4,4,sunny,sunny
c3656.jpg,0,0,cloudy,cloudy
s4800.jpg,4,4,sunny,sunny
c3023.jpg,0,0,cloudy,cloudy
s1014.jpg,4,4,sunny,sunny
s4084.jpg,4,4,sunny,sunny
snowy weather-15.jpeg,3,3,snowy,snowy
1137.jpg,3,2,snowy,rainy
14141870.jpg,4,4,sunny,sunny
s1369.jpg,4,4,sunny,sunny
208.jpg,1,1,foggy,foggy
c0978.jpg,0,0,cloudy,cloudy
foggy day-29.jpeg,1,1,foggy,foggy
c3329.jpg,0,0,cloudy,cloudy
c4348.jpg,0,0,cloudy,cloudy
c3243.jpg,0,0,cloudy,cloudy
309068393.jpg,3,4,snowy,sunny
s4838.jpg,4,4,sunny,sunny
cloudy day-16.jpeg,0,0,cloudy,cloudy
335422662.jpg,2,2,rainy,rainy
c2542.jpg,0,0,cloudy,cloudy
c0847.jpg,0,0,cloudy,cloudy
s4376.jpg,4,4,sunny,sunny
3918571.jpg,4,4,sunny,sunny
c2711.jpg,0,4,cloudy,sunny
c1235.jpg,0,0,cloudy,cloudy
3107416440.jpg,1,1,foggy,foggy
7594173.jpg,0,4,cloudy,sunny
6863770.jpg,4,4,sunny,sunny
c2746.jpg,0,0,cloudy,cloudy
c2941.jpg,0,0,cloudy,cloudy
s4268.jpg,4,0,sunny,cloudy
4092.jpg,1,1,foggy,foggy
6571608.jpg,0,0,cloudy,cloudy
c2432.jpg,0,0,cloudy,cloudy
c0900.jpg,0,0,cloudy,cloudy
26326353.jpg,4,4,sunny,sunny
s0630.jpg,4,4,sunny,sunny
2363859433.jpg,2,2,rainy,rainy
rainy weather-99.jpeg,2,4,rainy,sunny
s036.jpg,4,4,sunny,sunny
rainy weather-64.jpeg,2,2,rainy,rainy
cloudy weather-42.jpeg,0,4,cloudy,sunny
20430523.jpg,4,4,sunny,sunny
5228114.jpg,0,2,cloudy,rainy
c3647.jpg,0,0,cloudy,cloudy
421844665.jpg,2,0,rainy,cloudy
s4579.jpg,4,4,sunny,sunny
s0968.jpg,4,4,sunny,sunny
s2468.jpg,4,4,sunny,sunny
1662.jpg,2,0,rainy,cloudy
c2171.jpg,0,0,cloudy,cloudy
6850822.jpg,0,0,cloudy,cloudy
s091.jpg,4,4,sunny,sunny
0913.jpg,3,3,snowy,snowy
s4997.jpg,4,4,sunny,sunny
9785028.jpg,4,4,sunny,sunny
2278613493.jpg,2,2,rainy,rainy
c0945.jpg,0,1,cloudy,foggy
2177825526.jpg,3,0,snowy,cloudy
rainy day-61.jpeg,2,2,rainy,rainy
s4211.jpg,4,4,sunny,sunny
c0830.jpg,0,0,cloudy,cloudy
s2672.jpg,4,4,sunny,sunny
14310551.jpg,4,4,sunny,sunny
c2244.jpg,0,2,cloudy,rainy
c1918.jpg,0,3,cloudy,snowy
2427543165.jpg,2,3,rainy,snowy
s3191.jpg,4,4,sunny,sunny
2331296041.jpg,2,2,rainy,rainy
3251203465.jpg,3,3,snowy,snowy
3268028204.jpg,3,3,snowy,snowy
c3210.jpg,0,0,cloudy,cloudy
s4330.jpg,4,2,sunny,rainy
s021.jpg,4,3,sunny,snowy
0951.jpg,3,3,snowy,snowy
s3637.jpg,4,4,sunny,sunny
25870223.jpg,4,4,sunny,sunny
s1820.jpg,4,4,sunny,sunny
c3561.jpg,0,0,cloudy,cloudy
s4160.jpg,4,4,sunny,sunny
248537680.jpg,2,2,rainy,rainy
505131.jpg,0,0,cloudy,cloudy
s0043.jpg,4,4,sunny,sunny
c1608.jpg,0,0,cloudy,cloudy
4627.jpg,1,1,foggy,foggy
c0953.jpg,0,0,cloudy,cloudy
c1829.jpg,0,0,cloudy,cloudy
s4052.jpg,4,4,sunny,sunny
4180.jpg,1,1,foggy,foggy
384591986.jpg,3,0,snowy,cloudy
snowy weather-43.jpeg,3,3,snowy,snowy
c1930.jpg,0,0,cloudy,cloudy
4788.jpg,1,1,foggy,foggy
1079.jpg,3,3,snowy,snowy
11922418.jpg,4,0,sunny,cloudy
s100.jpg,4,0,sunny,cloudy
s3571.jpg,4,4,sunny,sunny
cloudy216.jpg,0,0,cloudy,cloudy
c4873.jpg,0,0,cloudy,cloudy
c4366.jpg,0,2,cloudy,rainy
s2676.jpg,4,3,sunny,snowy
12645424.jpg,0,0,cloudy,cloudy
c0243.jpg,0,2,cloudy,rainy
c4214.jpg,0,2,cloudy,rainy
s4468.jpg,4,4,sunny,sunny
s4991.jpg,4,4,sunny,sunny
8881643.jpg,4,4,sunny,sunny
1245.jpg,2,2,rainy,rainy
s1904.jpg,4,4,sunny,sunny
c1452.jpg,0,0,cloudy,cloudy
cloudy weather-36.jpeg,0,0,cloudy,cloudy
1272.jpg,3,3,snowy,snowy
3834182.jpg,0,0,cloudy,cloudy
78069324.jpg,3,0,snowy,cloudy
761871390.jpg,2,4,rainy,sunny
c3181.jpg,0,0,cloudy,cloudy
s099.jpg,4,4,sunny,sunny
2199640.jpg,0,0,cloudy,cloudy
c2842.jpg,0,0,cloudy,cloudy
shine183.jpg,4,4,sunny,sunny
s1263.jpg,4,4,sunny,sunny
s3078.jpg,4,4,sunny,sunny
2257276409.jpg,3,4,snowy,sunny
1666.jpg,2,0,rainy,cloudy
2659863675.jpg,2,2,rainy,rainy
2170289172.jpg,1,3,foggy,snowy
c2165.jpg,0,0,cloudy,cloudy
s054.jpg,4,4,sunny,sunny
3257105115.jpg,3,3,snowy,snowy
s2691.jpg,4,4,sunny,sunny
s2728.jpg,4,4,sunny,sunny
c1133.jpg,0,0,cloudy,cloudy
s2306.jpg,4,4,sunny,sunny
521371414.jpg,2,0,rainy,cloudy
1279.jpg,2,2,rainy,rainy
cloudy75.jpg,0,4,cloudy,sunny
c4235.jpg,0,0,cloudy,cloudy
s4807.jpg,4,4,sunny,sunny
4497.jpg,1,1,foggy,foggy
12647944.jpg,0,0,cloudy,cloudy
2300949615.jpg,1,1,foggy,foggy
s044.jpg,4,4,sunny,sunny
rain118.jpg,2,3,rainy,snowy
s4986.jpg,4,4,sunny,sunny
3996027.jpg,3,3,snowy,snowy
62.jpg,2,2,rainy,rainy
s2270.jpg,4,0,sunny,cloudy
5194199.jpg,0,0,cloudy,cloudy
c4656.jpg,0,2,cloudy,rainy
c011.jpg,0,1,cloudy,foggy
c4744.jpg,0,2,cloudy,rainy
rainy day-147.jpeg,2,0,rainy,cloudy
snowy day-22.jpeg,3,4,snowy,sunny
s3481.jpg,4,0,sunny,cloudy
s4845.jpg,4,4,sunny,sunny
s4453.jpg,4,4,sunny,sunny
rain62.jpg,2,2,rainy,rainy
c4774.jpg,0,0,cloudy,cloudy
c3368.jpg,0,0,cloudy,cloudy
foggy weather-129.jpeg,1,1,foggy,foggy
26863986.jpg,4,0,sunny,cloudy
c4759.jpg,0,0,cloudy,cloudy
c2750.jpg,0,0,cloudy,cloudy
s2344.jpg,4,0,sunny,cloudy
c1242.jpg,0,0,cloudy,cloudy
snowy weather-13.jpeg,3,3,snowy,snowy
0981.jpg,3,3,snowy,snowy
c1099.jpg,0,0,cloudy,cloudy
c078.jpg,0,0,cloudy,cloudy
4559915.jpg,4,4,sunny,sunny
1357.jpg,3,3,snowy,snowy
3553486129.jpg,1,0,foggy,cloudy
8708710.jpg,4,4,sunny,sunny
7722921.jpg,4,0,sunny,cloudy
c4060.jpg,0,4,cloudy,sunny
s2469.jpg,4,4,sunny,sunny
1451.jpg,2,3,rainy,snowy
248512374.jpg,2,3,rainy,snowy
29958379.jpg,4,0,sunny,cloudy
c3482.jpg,0,0,cloudy,cloudy
2277406340.jpg,3,3,snowy,snowy
s0627.jpg,4,4,sunny,sunny
s2285.jpg,4,4,sunny,sunny
4468.jpg,1,1,foggy,foggy
s0454.jpg,4,4,sunny,sunny
1202.jpg,3,0,snowy,cloudy
25691972.jpg,4,3,sunny,snowy
s4517.jpg,4,4,sunny,sunny
s0957.jpg,4,4,sunny,sunny
2227104392.jpg,3,0,snowy,cloudy
3267125143.jpg,3,3,snowy,snowy
3753804.jpg,4,4,sunny,sunny
s4629.jpg,4,2,sunny,rainy
2377531581.jpg,2,4,rainy,sunny
c4192.jpg,0,0,cloudy,cloudy
s3247.jpg,4,4,sunny,sunny
1465.jpg,2,2,rainy,rainy
s022.jpg,4,4,sunny,sunny
s0210.jpg,4,4,sunny,sunny
1032.jpg,3,4,snowy,sunny
c1864.jpg,0,3,cloudy,snowy
s0620.jpg,4,4,sunny,sunny
shine151.jpg,4,4,sunny,sunny
snowy day-33.jpeg,3,3,snowy,snowy
809507447.jpg,2,0,rainy,cloudy
27846366.jpg,0,0,cloudy,cloudy
c3392.jpg,0,2,cloudy,rainy
c1623.jpg,0,4,cloudy,sunny
foggy weather-118.jpeg,1,0,foggy,cloudy
rainy weather-104.jpeg,2,2,rainy,rainy
s1370.jpg,4,4,sunny,sunny
2037543940.jpg,3,4,snowy,sunny
505124.jpg,0,0,cloudy,cloudy
27523326.jpg,0,0,cloudy,cloudy
s2001.jpg,4,4,sunny,sunny
s2038.jpg,4,4,sunny,sunny
s4379.jpg,4,4,sunny,sunny
2109815969.jpg,3,3,snowy,snowy
2285454663.jpg,2,0,rainy,cloudy
c0221.jpg,0,0,cloudy,cloudy
s2971.jpg,4,4,sunny,sunny
c3069.jpg,0,2,cloudy,rainy
s4073.jpg,4,4,sunny,sunny
c2717.jpg,0,0,cloudy,cloudy
c4510.jpg,0,4,cloudy,sunny
s1292.jpg,4,4,sunny,sunny
cloudy day-55.jpeg,0,4,cloudy,sunny
c4954.jpg,0,0,cloudy,cloudy
1378.jpg,3,3,snowy,snowy
c1581.jpg,0,0,cloudy,cloudy
487077359.jpg,2,2,rainy,rainy
8089484.jpg,4,0,sunny,cloudy
cloudy190.jpg,0,0,cloudy,cloudy
c1261.jpg,0,0,cloudy,cloudy
1185.jpg,3,3,snowy,snowy
s3997.jpg,4,4,sunny,sunny
shine207.jpg,4,4,sunny,sunny
c2347.jpg,0,0,cloudy,cloudy
2272097482.jpg,3,3,snowy,snowy
c1592.jpg,0,4,cloudy,sunny
4518.jpg,1,1,foggy,foggy
c0960.jpg,0,0,cloudy,cloudy
c4135.jpg,0,2,cloudy,rainy
1308.jpg,3,3,snowy,snowy
cloudy40.jpg,0,0,cloudy,cloudy
c2851.jpg,0,0,cloudy,cloudy
2188360373.jpg,3,0,snowy,cloudy
c0849.jpg,0,0,cloudy,cloudy
1579700285.jpg,2,3,rainy,snowy
shine197.jpg,4,4,sunny,sunny
c0522.jpg,0,0,cloudy,cloudy
s0237.jpg,4,4,sunny,sunny
13681596.jpg,0,0,cloudy,cloudy
c0174.jpg,0,0,cloudy,cloudy
c4286.jpg,0,0,cloudy,cloudy
0923.jpg,3,3,snowy,snowy
c3719.jpg,0,2,cloudy,rainy
shine218.jpg,4,4,sunny,sunny
1339.jpg,2,2,rainy,rainy
1685.jpg,2,2,rainy,rainy
5043709.jpg,4,4,sunny,sunny
303811071.jpg,2,2,rainy,rainy
4397.jpg,1,0,foggy,cloudy
c0311.jpg,0,0,cloudy,cloudy
1190.jpg,3,3,snowy,snowy
s0578.jpg,4,4,sunny,sunny
s0320.jpg,4,0,sunny,cloudy
s2953.jpg,4,0,sunny,cloudy
28266940.jpg,0,4,cloudy,sunny
c3220.jpg,0,0,cloudy,cloudy
s0463.jpg,4,4,sunny,sunny
s4256.jpg,4,4,sunny,sunny
96461710.jpg,3,3,snowy,snowy
rain51.jpg,2,2,rainy,rainy
sunny weather-54.jpeg,4,4,sunny,sunny
c2345.jpg,0,0,cloudy,cloudy
5042968.jpg,0,0,cloudy,cloudy
cloudy233.jpg,0,0,cloudy,cloudy
c2662.jpg,0,2,cloudy,rainy
shine216.jpg,4,4,sunny,sunny
2038181413.jpg,3,3,snowy,snowy
rainy day-2.jpeg,2,0,rainy,cloudy
cloudy weather-97.jpeg,0,4,cloudy,sunny
22483482.jpg,4,4,sunny,sunny
0954.jpg,3,0,snowy,cloudy
s4906.jpg,4,4,sunny,sunny
s0829.jpg,4,0,sunny,cloudy
s1346.jpg,4,4,sunny,sunny
c0132.jpg,0,0,cloudy,cloudy
1450.jpg,3,3,snowy,snowy
c3176.jpg,0,0,cloudy,cloudy
2224718962.jpg,2,2,rainy,rainy
429171808.jpg,3,4,snowy,sunny
c4197.jpg,0,4,cloudy,sunny
c3658.jpg,0,0,cloudy,cloudy
3257111143.jpg,3,3,snowy,snowy
s1657.jpg,4,4,sunny,sunny
3257096135.jpg,3,2,snowy,rainy
0842.jpg,3,3,snowy,snowy
s0342.jpg,4,4,sunny,sunny
s2936.jpg,4,4,sunny,sunny
cloudy34.jpg,0,0,cloudy,cloudy
6506355.jpg,4,4,sunny,sunny
c3391.jpg,0,0,cloudy,cloudy
1708.jpg,2,2,rainy,rainy
c4590.jpg,0,0,cloudy,cloudy
s0123.jpg,4,4,sunny,sunny
c3899.jpg,0,0,cloudy,cloudy
c4699.jpg,0,0,cloudy,cloudy
foggy day-11.jpeg,1,1,foggy,foggy
3232188199.jpg,3,3,snowy,snowy
cloudy day-51.jpeg,0,4,cloudy,sunny
rainy weather-60.jpeg,2,3,rainy,snowy
2229014085.jpg,2,3,rainy,snowy
c2286.jpg,0,1,cloudy,foggy
4705.jpg,1,1,foggy,foggy
s3817.jpg,4,4,sunny,sunny
c0481.jpg,0,4,cloudy,sunny
snowy day-117.jpeg,3,2,snowy,rainy
2248880966.jpg,3,1,snowy,foggy
c2824.jpg,0,0,cloudy,cloudy
s4781.jpg,4,3,sunny,snowy
c4444.jpg,0,0,cloudy,cloudy
1488.jpg,2,3,rainy,snowy
871699456.jpg,2,2,rainy,rainy
s2853.jpg,4,4,sunny,sunny
25549537.jpg,0,0,cloudy,cloudy
c2273.jpg,0,0,cloudy,cloudy
s2184.jpg,4,4,sunny,sunny
c0332.jpg,0,0,cloudy,cloudy
c3076.jpg,0,3,cloudy,snowy
4484.jpg,1,1,foggy,foggy
s4297.jpg,4,4,sunny,sunny
4188.jpg,1,1,foggy,foggy
2597417370.jpg,2,0,rainy,cloudy
3265613813.jpg,3,3,snowy,snowy
s2849.jpg,4,4,sunny,sunny
c4391.jpg,0,4,cloudy,sunny
cloudy day-80.jpeg,0,4,cloudy,sunny
19847079.jpg,4,4,sunny,sunny
c1462.jpg,0,0,cloudy,cloudy
s3294.jpg,4,4,sunny,sunny
s3971.jpg,4,4,sunny,sunny
382803434.jpg,1,1,foggy,foggy
s1233.jpg,4,4,sunny,sunny
3984082.jpg,0,2,cloudy,rainy
1552.jpg,2,2,rainy,rainy
c3734.jpg,0,2,cloudy,rainy
0836.jpg,3,3,snowy,snowy
c1343.jpg,0,0,cloudy,cloudy
28686798.jpg,4,4,sunny,sunny
s3918.jpg,4,4,sunny,sunny
3128160009.jpg,3,4,snowy,sunny
8970211.jpg,0,0,cloudy,cloudy
s1976.jpg,4,4,sunny,sunny
shine39.jpg,4,4,sunny,sunny
24541550.jpg,0,2,cloudy,rainy
1444.jpg,2,0,rainy,cloudy
26099228.jpg,0,4,cloudy,sunny
s1549.jpg,4,4,sunny,sunny
1428.jpg,3,3,snowy,snowy
s2018.jpg,4,0,sunny,cloudy
c4477.jpg,0,3,cloudy,snowy
c1248.jpg,0,2,cloudy,rainy
2197648496.jpg,2,3,rainy,snowy
4286.jpg,1,1,foggy,foggy
s0949.jpg,4,4,sunny,sunny
c052.jpg,0,0,cloudy,cloudy
s3487.jpg,4,4,sunny,sunny
1548424.jpg,0,2,cloudy,rainy
c035.jpg,0,0,cloudy,cloudy
s0125.jpg,4,4,sunny,sunny
s1598.jpg,4,4,sunny,sunny
0976.jpg,3,2,snowy,rainy
25693296.jpg,4,4,sunny,sunny
2377706626.jpg,3,3,snowy,snowy
s1498.jpg,4,4,sunny,sunny
2148846140.jpg,1,1,foggy,foggy
9738912.jpg,0,0,cloudy,cloudy
snowy weather-149.jpeg,3,3,snowy,snowy
8528143.jpg,4,4,sunny,sunny
rainy day-45.jpeg,2,0,rainy,cloudy
s0300.jpg,4,4,sunny,sunny
s1291.jpg,4,4,sunny,sunny
2217315836.jpg,3,3,snowy,snowy
s0785.jpg,4,0,sunny,cloudy
14352906.jpg,4,4,sunny,sunny
29737000.jpg,4,3,sunny,snowy
s4640.jpg,4,4,sunny,sunny
530270640.jpg,2,2,rainy,rainy
shine214.jpg,4,1,sunny,foggy
c0353.jpg,0,0,cloudy,cloudy
cloudy229.jpg,0,0,cloudy,cloudy
c4478.jpg,0,0,cloudy,cloudy
cloudy day-13.jpeg,0,4,cloudy,sunny
s4854.jpg,4,4,sunny,sunny
c2744.jpg,0,0,cloudy,cloudy
183.jpg,1,1,foggy,foggy
c1978.jpg,0,4,cloudy,sunny
4361.jpg,1,1,foggy,foggy
2396591193.jpg,3,0,snowy,cloudy
sunny sky-100.jpeg,4,4,sunny,sunny
1088.jpg,2,1,rainy,foggy
5659045.jpg,0,3,cloudy,snowy
389435211.jpg,3,3,snowy,snowy
s2114.jpg,4,4,sunny,sunny
c0519.jpg,0,0,cloudy,cloudy
1011.jpg,3,1,snowy,foggy
4785.jpg,1,1,foggy,foggy
s1238.jpg,4,4,sunny,sunny
c4573.jpg,0,0,cloudy,cloudy
s3322.jpg,4,4,sunny,sunny
cloudy53.jpg,0,2,cloudy,rainy
2362779751.jpg,3,2,snowy,rainy
c0981.jpg,0,0,cloudy,cloudy
2332143476.jpg,2,2,rainy,rainy
s3323.jpg,4,4,sunny,sunny
c1882.jpg,0,0,cloudy,cloudy
s3696.jpg,4,0,sunny,cloudy
18662315.jpg,4,4,sunny,sunny
c3879.jpg,0,0,cloudy,cloudy
c2360.jpg,0,0,cloudy,cloudy
s2896.jpg,4,4,sunny,sunny
3267918722.jpg,3,3,snowy,snowy
s4787.jpg,4,4,sunny,sunny
c2749.jpg,0,0,cloudy,cloudy
c2101.jpg,0,0,cloudy,cloudy
29059617.jpg,4,4,sunny,sunny
c2634.jpg,0,3,cloudy,snowy
1719.jpg,2,0,rainy,cloudy
rainy weather-21.jpeg,2,3,rainy,snowy
c2017.jpg,0,0,cloudy,cloudy
25226348.jpg,4,4,sunny,sunny
2531627346.jpg,2,0,rainy,cloudy
s4604.jpg,4,4,sunny,sunny
4299.jpg,1,1,foggy,foggy
c1097.jpg,0,0,cloudy,cloudy
3261020004.jpg,3,3,snowy,snowy
2380902260.jpg,3,4,snowy,sunny
s0794.jpg,4,4,sunny,sunny
c0745.jpg,0,2,cloudy,rainy
28520712.jpg,4,4,sunny,sunny
c3107.jpg,0,0,cloudy,cloudy
c2223.jpg,0,4,cloudy,sunny
c1459.jpg,0,0,cloudy,cloudy
c0897.jpg,0,0,cloudy,cloudy
309067933.jpg,3,3,snowy,snowy
s0498.jpg,4,4,sunny,sunny
26613663.jpg,4,0,sunny,cloudy
1778.jpg,2,2,rainy,rainy
s1794.jpg,4,4,sunny,sunny
snowy day-78.jpeg,3,3,snowy,snowy
s4721.jpg,4,4,sunny,sunny
c3679.jpg,0,0,cloudy,cloudy
14819938.jpg,4,4,sunny,sunny
1346351.jpg,0,0,cloudy,cloudy
s1287.jpg,4,4,sunny,sunny
rainy day-28.jpeg,2,0,rainy,cloudy
c2371.jpg,0,0,cloudy,cloudy
1279.jpg,3,3,snowy,snowy
s3886.jpg,4,4,sunny,sunny
s3091.jpg,4,4,sunny,sunny
c4625.jpg,0,0,cloudy,cloudy
c0767.jpg,0,0,cloudy,cloudy
1205.jpg,3,3,snowy,snowy
6869884.jpg,0,0,cloudy,cloudy
s1235.jpg,4,4,sunny,sunny
8117187.jpg,0,0,cloudy,cloudy
s4537.jpg,4,4,sunny,sunny
c4687.jpg,0,0,cloudy,cloudy
398366016.jpg,2,4,rainy,sunny
c4440.jpg,0,4,cloudy,sunny
s0962.jpg,4,4,sunny,sunny
shine244.jpg,4,4,sunny,sunny
c3721.jpg,0,0,cloudy,cloudy
24426646.jpg,4,3,sunny,snowy
s0279.jpg,4,4,sunny,sunny
c3708.jpg,0,2,cloudy,rainy
s4170.jpg,4,4,sunny,sunny
cloudy weather-1.jpeg,0,0,cloudy,cloudy
1075.jpg,3,2,snowy,rainy
c4349.jpg,0,0,cloudy,cloudy
27953420.jpg,0,3,cloudy,snowy
c3016.jpg,0,4,cloudy,sunny
c3199.jpg,0,0,cloudy,cloudy
377346207.jpg,2,0,rainy,cloudy
c4907.jpg,0,4,cloudy,sunny
s2791.jpg,4,4,sunny,sunny
c0059.jpg,0,0,cloudy,cloudy
21425244.jpg,4,4,sunny,sunny
4567.jpg,1,1,foggy,foggy
25231875.jpg,4,4,sunny,sunny
c3324.jpg,0,4,cloudy,sunny
cloudy day-52.jpeg,0,0,cloudy,cloudy
foggy day-37.jpeg,1,2,foggy,rainy
s2431.jpg,4,4,sunny,sunny
c2085.jpg,0,0,cloudy,cloudy
c0880.jpg,0,4,cloudy,sunny
s0499.jpg,4,4,sunny,sunny
c1008.jpg,0,0,cloudy,cloudy
sunny sky-63.jpeg,4,4,sunny,sunny
s2420.jpg,4,4,sunny,sunny
c4314.jpg,0,3,cloudy,snowy
2096027520.jpg,3,3,snowy,snowy
s1853.jpg,4,4,sunny,sunny
250547179.jpg,1,1,foggy,foggy
cloudy day-3.jpeg,0,0,cloudy,cloudy
s0877.jpg,4,4,sunny,sunny
6506406.jpg,4,0,sunny,cloudy
2063782514.jpg,2,2,rainy,rainy
s4216.jpg,4,4,sunny,sunny
132.jpg,2,2,rainy,rainy
c1531.jpg,0,0,cloudy,cloudy
c3032.jpg,0,0,cloudy,cloudy
c0871.jpg,0,0,cloudy,cloudy
1718.jpg,2,2,rainy,rainy
s4931.jpg,4,4,sunny,sunny
s4568.jpg,4,4,sunny,sunny
shine10.jpg,4,2,sunny,rainy
c0124.jpg,0,0,cloudy,cloudy
rainy weather-74.jpeg,2,4,rainy,sunny
s3958.jpg,4,2,sunny,rainy
s3872.jpg,4,0,sunny,cloudy
c3847.jpg,0,0,cloudy,cloudy
1148.jpg,3,3,snowy,snowy
s1283.jpg,4,3,sunny,snowy
6912306.jpg,0,0,cloudy,cloudy
1326.jpg,3,3,snowy,snowy
s0824.jpg,4,4,sunny,sunny
2227769038.jpg,2,2,rainy,rainy
c4996.jpg,0,1,cloudy,foggy
rainy day-67.jpeg,2,0,rainy,cloudy
c0323.jpg,0,0,cloudy,cloudy
s1810.jpg,4,4,sunny,sunny
292054091.jpg,3,3,snowy,snowy
c2996.jpg,0,4,cloudy,sunny
1451417715.jpg,2,2,rainy,rainy
c1685.jpg,0,2,cloudy,rainy
c4920.jpg,0,2,cloudy,rainy
9537910.jpg,4,4,sunny,sunny
2274468328.jpg,2,2,rainy,rainy
s2913.jpg,4,4,sunny,sunny
2280544091.jpg,3,4,snowy,sunny
c3373.jpg,0,0,cloudy,cloudy
347546.jpg,0,4,cloudy,sunny
s0996.jpg,4,3,sunny,snowy
c4074.jpg,0,2,cloudy,rainy
8795378.jpg,0,0,cloudy,cloudy
9738864.jpg,0,3,cloudy,snowy
8129189.jpg,4,4,sunny,sunny
28519415.jpg,4,4,sunny,sunny
16610892.jpg,4,0,sunny,cloudy
cloudy84.jpg,0,4,cloudy,sunny
c3087.jpg,0,4,cloudy,sunny
s2173.jpg,4,0,sunny,cloudy
c2329.jpg,0,0,cloudy,cloudy
7781557.jpg,4,2,sunny,rainy
4114.jpg,1,1,foggy,foggy
11734602.jpg,4,4,sunny,sunny
s2319.jpg,4,4,sunny,sunny
s4028.jpg,4,4,sunny,sunny
c4846.jpg,0,0,cloudy,cloudy
snowy day-62.jpeg,3,3,snowy,snowy
c2528.jpg,0,0,cloudy,cloudy
s2705.jpg,4,4,sunny,sunny
s2109.jpg,4,4,sunny,sunny
s4065.jpg,4,4,sunny,sunny
foggy weather-9.jpeg,1,0,foggy,cloudy
389435008.jpg,3,0,snowy,cloudy
s4936.jpg,4,4,sunny,sunny
s0369.jpg,4,4,sunny,sunny
4592.jpg,1,1,foggy,foggy
9784660.jpg,0,4,cloudy,sunny
c4114.jpg,0,0,cloudy,cloudy
13730510.jpg,4,4,sunny,sunny
c2574.jpg,0,4,cloudy,sunny
1458570446.jpg,2,2,rainy,rainy
c0644.jpg,0,0,cloudy,cloudy
shine69.jpg,4,4,sunny,sunny
s0494.jpg,4,4,sunny,sunny
14761213.jpg,4,4,sunny,sunny
c2275.jpg,0,0,cloudy,cloudy
222527906.jpg,2,2,rainy,rainy
c4789.jpg,0,0,cloudy,cloudy
s1886.jpg,4,4,sunny,sunny
s4106.jpg,4,4,sunny,sunny
2355106188.jpg,2,2,rainy,rainy
11801995.jpg,4,2,sunny,rainy
s3241.jpg,4,4,sunny,sunny
24854556.jpg,4,4,sunny,sunny
snowy day-104.jpeg,3,3,snowy,snowy
sunny weather-141.jpeg,4,4,sunny,sunny
2260913936.jpg,2,3,rainy,snowy
0890.jpg,3,0,snowy,cloudy
cloudy126.jpg,0,4,cloudy,sunny
1410.jpg,3,3,snowy,snowy
c3468.jpg,0,0,cloudy,cloudy
c3930.jpg,0,0,cloudy,cloudy
cloudy day-25.jpeg,0,0,cloudy,cloudy
574608747.jpg,2,2,rainy,rainy
c4241.jpg,0,0,cloudy,cloudy
s0880.jpg,4,4,sunny,sunny
shine252.jpg,4,4,sunny,sunny
2686678630.jpg,2,3,rainy,snowy
c3263.jpg,0,0,cloudy,cloudy
s4774.jpg,4,4,sunny,sunny
c0983.jpg,0,0,cloudy,cloudy
s3666.jpg,4,4,sunny,sunny
4749.jpg,1,3,foggy,snowy
c3610.jpg,0,0,cloudy,cloudy
rainy day-85.jpeg,2,0,rainy,cloudy
s2080.jpg,4,4,sunny,sunny
s0735.jpg,4,4,sunny,sunny
1784.jpg,2,0,rainy,cloudy
s0600.jpg,4,4,sunny,sunny
c1302.jpg,0,0,cloudy,cloudy
22016593.jpg,4,4,sunny,sunny
22439920.jpg,4,4,sunny,sunny
354201216.jpg,2,4,rainy,sunny
c0934.jpg,0,4,cloudy,sunny
c1091.jpg,0,4,cloudy,sunny
s4521.jpg,4,4,sunny,sunny
s1123.jpg,4,0,sunny,cloudy
cloudy42.jpg,0,0,cloudy,cloudy
89284054.jpg,3,3,snowy,snowy
2124938930.jpg,3,3,snowy,snowy
c1866.jpg,0,2,cloudy,rainy
c3636.jpg,0,0,cloudy,cloudy
c4794.jpg,0,0,cloudy,cloudy
1787.jpg,2,2,rainy,rainy
s2343.jpg,4,4,sunny,sunny
s3160.jpg,4,4,sunny,sunny
4258.jpg,1,1,foggy,foggy
rainy day-141.jpeg,2,4,rainy,sunny
c0693.jpg,0,0,cloudy,cloudy
c3262.jpg,0,0,cloudy,cloudy
c1556.jpg,0,3,cloudy,snowy
4809.jpg,1,1,foggy,foggy
cloudy day-93.jpeg,0,4,cloudy,sunny
c2978.jpg,0,0,cloudy,cloudy
s2360.jpg,4,4,sunny,sunny
s4473.jpg,4,4,sunny,sunny
2269775857.jpg,2,2,rainy,rainy
c3772.jpg,0,0,cloudy,cloudy
c4816.jpg,0,4,cloudy,sunny
s3890.jpg,4,4,sunny,sunny
c0187.jpg,0,0,cloudy,cloudy
s4865.jpg,4,4,sunny,sunny
sunny sky-99.jpeg,4,4,sunny,sunny
snowy day-70.jpeg,3,3,snowy,snowy
s3769.jpg,4,4,sunny,sunny
12983756.jpg,0,4,cloudy,sunny
s0086.jpg,4,4,sunny,sunny
rain211.jpg,2,0,rainy,cloudy
s2524.jpg,4,4,sunny,sunny
4300.jpg,1,1,foggy,foggy
c3098.jpg,0,0,cloudy,cloudy
c2642.jpg,0,0,cloudy,cloudy
s4196.jpg,4,4,sunny,sunny
s0585.jpg,4,4,sunny,sunny
c2829.jpg,0,0,cloudy,cloudy
c0640.jpg,0,0,cloudy,cloudy
s1916.jpg,4,0,sunny,cloudy
s3180.jpg,4,4,sunny,sunny
s0987.jpg,4,4,sunny,sunny
6869960.jpg,0,0,cloudy,cloudy
c4210.jpg,0,4,cloudy,sunny
s1774.jpg,4,4,sunny,sunny
23068117.jpg,4,4,sunny,sunny
2274330327.jpg,3,3,snowy,snowy
c2445.jpg,0,0,cloudy,cloudy
s2446.jpg,4,4,sunny,sunny
c4994.jpg,0,0,cloudy,cloudy
4791.jpg,1,0,foggy,cloudy
sunny weather-78.jpeg,4,4,sunny,sunny
c4747.jpg,0,3,cloudy,snowy
18493634.jpg,0,4,cloudy,sunny
c4139.jpg,0,2,cloudy,rainy
c0612.jpg,0,0,cloudy,cloudy
c2135.jpg,0,0,cloudy,cloudy
s2659.jpg,4,4,sunny,sunny
2277044788.jpg,1,1,foggy,foggy
c0965.jpg,0,0,cloudy,cloudy
s4482.jpg,4,4,sunny,sunny
9785268.jpg,4,4,sunny,sunny
4610.jpg,1,1,foggy,foggy
c1059.jpg,0,0,cloudy,cloudy
c4479.jpg,0,0,cloudy,cloudy
s2683.jpg,4,4,sunny,sunny
s061.jpg,4,2,sunny,rainy
s2757.jpg,4,2,sunny,rainy
1678727.jpg,0,2,cloudy,rainy
c4076.jpg,0,0,cloudy,cloudy
534700610.jpg,2,0,rainy,cloudy
s4879.jpg,4,4,sunny,sunny
foggy weather-87.png,1,0,foggy,cloudy
s1469.jpg,4,4,sunny,sunny
c082.jpg,0,0,cloudy,cloudy
s1457.jpg,4,4,sunny,sunny
s2622.jpg,4,4,sunny,sunny
s2544.jpg,4,4,sunny,sunny
s0379.jpg,4,4,sunny,sunny
6506579.jpg,4,4,sunny,sunny
75.jpg,2,0,rainy,cloudy
257145741.jpg,2,4,rainy,sunny
1464295581.jpg,2,2,rainy,rainy
c2413.jpg,0,0,cloudy,cloudy
3908044.jpg,0,0,cloudy,cloudy
14.jpg,2,2,rainy,rainy
c2228.jpg,0,0,cloudy,cloudy
s1131.jpg,4,4,sunny,sunny
3176789471.jpg,1,1,foggy,foggy
2396845098.jpg,2,2,rainy,rainy
9595313.jpg,4,0,sunny,cloudy
s2414.jpg,4,4,sunny,sunny
1191.jpg,3,3,snowy,snowy
c3704.jpg,0,0,cloudy,cloudy
c1038.jpg,0,0,cloudy,cloudy
0899.jpg,3,2,snowy,rainy
1764.jpg,2,2,rainy,rainy
sunny sky-31.jpeg,4,4,sunny,sunny
2238493907.jpg,1,2,foggy,rainy
c4700.jpg,0,0,cloudy,cloudy
1432.jpg,3,3,snowy,snowy
c4827.jpg,0,0,cloudy,cloudy
2271944082.jpg,3,3,snowy,snowy
cloudy weather-86.jpeg,0,0,cloudy,cloudy
s4188.jpg,4,4,sunny,sunny
309067583.jpg,3,3,snowy,snowy
sunny sky-142.jpeg,4,2,sunny,rainy
s0112.jpg,4,4,sunny,sunny
s1315.jpg,4,4,sunny,sunny
1038.jpg,2,3,rainy,snowy
s3046.jpg,4,4,sunny,sunny
c4362.jpg,0,4,cloudy,sunny
s0740.jpg,4,4,sunny,sunny
25869613.jpg,0,0,cloudy,cloudy
47977712.jpg,2,2,rainy,rainy
c1195.jpg,0,0,cloudy,cloudy
16610992.jpg,0,0,cloudy,cloudy
3189036252.jpg,3,3,snowy,snowy
16007159.jpg,0,1,cloudy,foggy
s3788.jpg,4,4,sunny,sunny
s1793.jpg,4,4,sunny,sunny
3248504414.jpg,3,3,snowy,snowy
s1746.jpg,4,4,sunny,sunny
2171200016.jpg,3,3,snowy,snowy
c1790.jpg,0,0,cloudy,cloudy
c3413.jpg,0,3,cloudy,snowy
27629323.jpg,4,4,sunny,sunny
c1629.jpg,0,0,cloudy,cloudy
s2988.jpg,4,4,sunny,sunny
s1434.jpg,4,2,sunny,rainy
c0925.jpg,0,0,cloudy,cloudy
c1285.jpg,0,2,cloudy,rainy
6134531.jpg,0,0,cloudy,cloudy
c0887.jpg,0,0,cloudy,cloudy
c4928.jpg,0,0,cloudy,cloudy
c3698.jpg,0,2,cloudy,rainy
60.jpg,2,2,rainy,rainy
c3288.jpg,0,0,cloudy,cloudy
1200.jpg,3,3,snowy,snowy
1356776129.jpg,2,2,rainy,rainy
c0013.jpg,0,0,cloudy,cloudy
c2496.jpg,0,0,cloudy,cloudy
1448.jpg,2,4,rainy,sunny
s2436.jpg,4,4,sunny,sunny
c027.jpg,0,0,cloudy,cloudy
c0692.jpg,0,0,cloudy,cloudy
c2799.jpg,0,1,cloudy,foggy
s3279.jpg,4,4,sunny,sunny
c4188.jpg,0,0,cloudy,cloudy
cloudy day-87.jpeg,0,3,cloudy,snowy
rainy day-19.jpeg,2,3,rainy,snowy
s3243.jpg,4,0,sunny,cloudy
1739.jpg,2,2,rainy,rainy
c3447.jpg,0,4,cloudy,sunny
1707.jpg,2,2,rainy,rainy
0859.jpg,3,2,snowy,rainy
foggy weather-57.jpeg,1,1,foggy,foggy
3232187637.jpg,3,3,snowy,snowy
2199716.jpg,0,4,cloudy,sunny
c4300.jpg,0,0,cloudy,cloudy
snowy day-79.jpeg,3,3,snowy,snowy
s0507.jpg,4,4,sunny,sunny
s4226.jpg,4,3,sunny,snowy
c1005.jpg,0,0,cloudy,cloudy
s2068.jpg,4,4,sunny,sunny
534857403.jpg,2,3,rainy,snowy
379289829.jpg,3,3,snowy,snowy
s0092.jpg,4,0,sunny,cloudy
c4107.jpg,0,0,cloudy,cloudy
c2104.jpg,0,0,cloudy,cloudy
foggy weather-67.jpeg,1,0,foggy,cloudy
c1275.jpg,0,0,cloudy,cloudy
1051.jpg,2,3,rainy,snowy
c0321.jpg,0,0,cloudy,cloudy
s1375.jpg,4,4,sunny,sunny
1483.jpg,2,3,rainy,snowy
1193251058.jpg,2,0,rainy,cloudy
c4763.jpg,0,0,cloudy,cloudy
c4671.jpg,0,3,cloudy,snowy
rainy weather-42.jpeg,2,1,rainy,foggy
s1509.jpg,4,4,sunny,sunny
c3617.jpg,0,4,cloudy,sunny
s3409.jpg,4,4,sunny,sunny
s4506.jpg,4,4,sunny,sunny
c4164.jpg,0,0,cloudy,cloudy
s1069.jpg,4,4,sunny,sunny
17465320.jpg,0,0,cloudy,cloudy
26133806.jpg,4,4,sunny,sunny
1543.jpg,2,3,rainy,snowy
341570787.jpg,2,4,rainy,sunny
26323749.jpg,4,4,sunny,sunny
1209.jpg,3,0,snowy,cloudy
2277426022.jpg,3,4,snowy,sunny
59819111.jpg,2,2,rainy,rainy
foggy day-111.jpeg,1,1,foggy,foggy
s4067.jpg,4,4,sunny,sunny
668638357.jpg,2,0,rainy,cloudy
1400.jpg,3,1,snowy,foggy
c2762.jpg,0,0,cloudy,cloudy
1284.jpg,3,3,snowy,snowy
c051.jpg,0,1,cloudy,foggy
c4200.jpg,0,4,cloudy,sunny
29322965.jpg,0,0,cloudy,cloudy
s2652.jpg,4,3,sunny,snowy
23819152.jpg,4,0,sunny,cloudy
1496.jpg,2,0,rainy,cloudy
cloudy228.jpg,0,0,cloudy,cloudy
c1104.jpg,0,0,cloudy,cloudy
s0179.jpg,4,4,sunny,sunny
976578031.jpg,2,0,rainy,cloudy
304143844.jpg,2,4,rainy,sunny
8557670.jpg,0,0,cloudy,cloudy
1788.jpg,2,0,rainy,cloudy
c0277.jpg,0,0,cloudy,cloudy
sunny sky-82.jpeg,4,0,sunny,cloudy
c4015.jpg,0,4,cloudy,sunny
s4347.jpg,4,3,sunny,snowy
c2541.jpg,0,0,cloudy,cloudy
c3358.jpg,0,0,cloudy,cloudy
s1376.jpg,4,4,sunny,sunny
c1161.jpg,0,0,cloudy,cloudy
c4435.jpg,0,0,cloudy,cloudy
11727293.jpg,0,1,cloudy,foggy
s2004.jpg,4,4,sunny,sunny
sunny weather-15.jpeg,4,4,sunny,sunny
727764946.jpg,2,2,rainy,rainy
c3133.jpg,0,0,cloudy,cloudy
8452548.jpg,0,0,cloudy,cloudy
c4805.jpg,0,0,cloudy,cloudy
rainy weather-100.jpeg,2,3,rainy,snowy
1765.jpg,2,1,rainy,foggy
c3350.jpg,0,0,cloudy,cloudy
s3980.jpg,4,4,sunny,sunny
s2498.jpg,4,0,sunny,cloudy
s2798.jpg,4,4,sunny,sunny
c3598.jpg,0,0,cloudy,cloudy
c1489.jpg,0,4,cloudy,sunny
c4249.jpg,0,0,cloudy,cloudy
c4021.jpg,0,0,cloudy,cloudy
s2948.jpg,4,4,sunny,sunny
s4573.jpg,4,3,sunny,snowy
c3325.jpg,0,0,cloudy,cloudy
c2913.jpg,0,0,cloudy,cloudy
1481.jpg,2,2,rainy,rainy
2641694110.jpg,2,2,rainy,rainy
c0057.jpg,0,0,cloudy,cloudy
587757178.jpg,2,0,rainy,cloudy
2021015217.jpg,3,3,snowy,snowy
99147457.jpg,2,2,rainy,rainy
4182.jpg,1,1,foggy,foggy
c4493.jpg,0,4,cloudy,sunny
s4967.jpg,4,4,sunny,sunny
1548.jpg,2,3,rainy,snowy
shine230.jpg,4,4,sunny,sunny
c2966.jpg,0,0,cloudy,cloudy
29578766.jpg,0,4,cloudy,sunny
323822719.jpg,2,2,rainy,rainy
s0166.jpg,4,4,sunny,sunny
s0065.jpg,4,4,sunny,sunny
s4784.jpg,4,0,sunny,cloudy
c3791.jpg,0,3,cloudy,snowy
rain204.jpg,2,3,rainy,snowy
s0612.jpg,4,4,sunny,sunny
c4147.jpg,0,2,cloudy,rainy
c3148.jpg,0,0,cloudy,cloudy
1254.jpg,3,3,snowy,snowy
s3774.jpg,4,4,sunny,sunny
c4950.jpg,0,0,cloudy,cloudy
s2510.jpg,4,4,sunny,sunny
c4198.jpg,0,0,cloudy,cloudy
s1807.jpg,4,4,sunny,sunny
3268227158.jpg,3,3,snowy,snowy
c1644.jpg,0,3,cloudy,snowy
c3111.jpg,0,0,cloudy,cloudy
89285026.jpg,3,3,snowy,snowy
0943.jpg,3,3,snowy,snowy
22256032.jpg,4,0,sunny,cloudy
c1199.jpg,0,0,cloudy,cloudy
c2625.jpg,0,0,cloudy,cloudy
s4668.jpg,4,4,sunny,sunny
7781600.jpg,4,4,sunny,sunny
s122.jpg,4,4,sunny,sunny
111.jpg,1,1,foggy,foggy
c4701.jpg,0,0,cloudy,cloudy
s2802.jpg,4,4,sunny,sunny
8558294.jpg,4,0,sunny,cloudy
s3478.jpg,4,4,sunny,sunny
rain46.jpg,2,2,rainy,rainy
s4373.jpg,4,4,sunny,sunny
3854468.jpg,4,4,sunny,sunny
s1240.jpg,4,0,sunny,cloudy
cloudy114.jpg,0,0,cloudy,cloudy
4223.jpg,1,1,foggy,foggy
4155.jpg,1,1,foggy,foggy
c2140.jpg,0,0,cloudy,cloudy
29060054.jpg,4,4,sunny,sunny
s4981.jpg,4,4,sunny,sunny
188342444.jpg,1,0,foggy,cloudy
s3936.jpg,4,4,sunny,sunny
26519426.jpg,0,4,cloudy,sunny
s1262.jpg,4,4,sunny,sunny
rainy weather-140.jpeg,2,0,rainy,cloudy
c1634.jpg,0,3,cloudy,snowy
s3430.jpg,4,4,sunny,sunny
c1290.jpg,0,0,cloudy,cloudy
c055.jpg,0,0,cloudy,cloudy
s0839.jpg,4,4,sunny,sunny
2531537425.jpg,1,0,foggy,cloudy
s4415.jpg,4,4,sunny,sunny
s3968.jpg,4,4,sunny,sunny
4192.jpg,1,1,foggy,foggy
s3986.jpg,4,4,sunny,sunny
4778.jpg,1,1,foggy,foggy
s3781.jpg,4,4,sunny,sunny
s2995.jpg,4,2,sunny,rainy
c3705.jpg,0,3,cloudy,snowy
4526.jpg,1,1,foggy,foggy
c2186.jpg,0,0,cloudy,cloudy
s1288.jpg,4,4,sunny,sunny
s0733.jpg,4,4,sunny,sunny
c4678.jpg,0,4,cloudy,sunny
750874040.jpg,2,4,rainy,sunny
9784148.jpg,0,0,cloudy,cloudy
c0054.jpg,0,0,cloudy,cloudy
13987932.jpg,4,4,sunny,sunny
s1031.jpg,4,4,sunny,sunny
1635.jpg,2,0,rainy,cloudy
c2209.jpg,0,0,cloudy,cloudy
c1103.jpg,0,2,cloudy,rainy
c3328.jpg,0,0,cloudy,cloudy
14819590.jpg,4,4,sunny,sunny
rainy weather-17.jpeg,2,0,rainy,cloudy
sunny sky-47.jpeg,4,0,sunny,cloudy
c1837.jpg,0,3,cloudy,snowy
rain81.jpg,2,4,rainy,sunny
c3049.jpg,0,0,cloudy,cloudy
c1534.jpg,0,0,cloudy,cloudy
4322.jpg,1,1,foggy,foggy
715883271.jpg,2,3,rainy,snowy
c4690.jpg,0,0,cloudy,cloudy
c0450.jpg,0,4,cloudy,sunny
6869857.jpg,0,0,cloudy,cloudy
cloudy day-116.jpeg,0,3,cloudy,snowy
snowy weather-138.jpeg,3,3,snowy,snowy
s1399.jpg,4,4,sunny,sunny
c2562.jpg,0,0,cloudy,cloudy
c2344.jpg,0,0,cloudy,cloudy
cloudy24.jpg,0,0,cloudy,cloudy
c4030.jpg,0,0,cloudy,cloudy
s2522.jpg,4,0,sunny,cloudy
s4539.jpg,4,0,sunny,cloudy
s3694.jpg,4,4,sunny,sunny
2902824.jpg,0,2,cloudy,rainy
c4464.jpg,0,3,cloudy,snowy
s1246.jpg,4,3,sunny,snowy
s0020.jpg,4,4,sunny,sunny
2660681502.jpg,2,0,rainy,cloudy
1811.jpg,2,0,rainy,cloudy
4318439.jpg,0,4,cloudy,sunny
s1532.jpg,4,4,sunny,sunny
2188357669.jpg,3,3,snowy,snowy
s3820.jpg,4,4,sunny,sunny
rainy weather-62.jpeg,2,2,rainy,rainy
3235125064.jpg,3,3,snowy,snowy
s2960.jpg,4,4,sunny,sunny
c3448.jpg,0,0,cloudy,cloudy
2064923245.jpg,3,3,snowy,snowy
1083.jpg,3,3,snowy,snowy
s3998.jpg,4,4,sunny,sunny
s3416.jpg,4,4,sunny,sunny
18106701.jpg,4,4,sunny,sunny
c2138.jpg,0,0,cloudy,cloudy
4545.jpg,1,1,foggy,foggy
1103.jpg,3,0,snowy,cloudy
c1667.jpg,0,2,cloudy,rainy
c3553.jpg,0,0,cloudy,cloudy
388945124.jpg,3,3,snowy,snowy
17832114.jpg,4,4,sunny,sunny
s4543.jpg,4,0,sunny,cloudy
17465158.jpg,0,0,cloudy,cloudy
c1696.jpg,0,0,cloudy,cloudy
sunny weather-44.jpeg,4,3,sunny,snowy
13365366.jpg,4,4,sunny,sunny
4784.jpg,1,0,foggy,cloudy
4349.jpg,1,1,foggy,foggy
248511178.jpg,2,0,rainy,cloudy
s2161.jpg,4,4,sunny,sunny
cloudy259.jpg,0,4,cloudy,sunny
c1769.jpg,0,4,cloudy,sunny
4506.jpg,1,1,foggy,foggy
c2074.jpg,0,0,cloudy,cloudy
s2670.jpg,4,4,sunny,sunny
c1795.jpg,0,4,cloudy,sunny
c1705.jpg,0,0,cloudy,cloudy
19918229.jpg,4,4,sunny,sunny
c1875.jpg,0,4,cloudy,sunny
s3039.jpg,4,0,sunny,cloudy
11734741.jpg,0,0,cloudy,cloudy
c4102.jpg,0,0,cloudy,cloudy
s2937.jpg,4,4,sunny,sunny
cloudy weather-30.jpeg,0,3,cloudy,snowy
3102479668.jpg,3,2,snowy,rainy
s3911.jpg,4,4,sunny,sunny
c1832.jpg,0,4,cloudy,sunny
4231.jpg,1,1,foggy,foggy
231318921.jpg,2,0,rainy,cloudy
s2828.jpg,4,4,sunny,sunny
18929401.jpg,0,2,cloudy,rainy
51.jpg,1,1,foggy,foggy
c2892.jpg,0,0,cloudy,cloudy
snowy weather-25.jpeg,3,3,snowy,snowy
c3687.jpg,0,0,cloudy,cloudy
26569827.jpg,4,4,sunny,sunny
s4919.jpg,4,0,sunny,cloudy
c1334.jpg,0,4,cloudy,sunny
cloudy weather-80.jpeg,0,4,cloudy,sunny
c3314.jpg,0,4,cloudy,sunny
4256.jpg,1,1,foggy,foggy
s1039.jpg,4,4,sunny,sunny
c3400.jpg,0,0,cloudy,cloudy
s2875.jpg,4,4,sunny,sunny
shine215.jpg,4,4,sunny,sunny
rainy day-86.jpeg,2,2,rainy,rainy
s0878.jpg,4,4,sunny,sunny
c1610.jpg,0,2,cloudy,rainy
shine223.jpg,4,4,sunny,sunny
c3102.jpg,0,3,cloudy,snowy
c1580.jpg,0,3,cloudy,snowy
41.jpg,2,2,rainy,rainy
s3849.jpg,4,4,sunny,sunny
26569335.jpg,4,4,sunny,sunny
16614837.jpg,4,4,sunny,sunny
4122.jpg,1,1,foggy,foggy
c3545.jpg,0,4,cloudy,sunny
24542674.jpg,0,4,cloudy,sunny
1504.jpg,2,2,rainy,rainy
s1844.jpg,4,4,sunny,sunny
s1597.jpg,4,4,sunny,sunny
c4034.jpg,0,3,cloudy,snowy
29654096.jpg,4,4,sunny,sunny
s4583.jpg,4,4,sunny,sunny
1234.jpg,3,3,snowy,snowy
c0624.jpg,0,0,cloudy,cloudy
c2640.jpg,0,0,cloudy,cloudy
1231.jpg,3,3,snowy,snowy
s1704.jpg,4,4,sunny,sunny
c2544.jpg,0,0,cloudy,cloudy
4271417.jpg,4,4,sunny,sunny
c3569.jpg,0,0,cloudy,cloudy
c3162.jpg,0,0,cloudy,cloudy
snowy day-142.jpeg,3,3,snowy,snowy
c1611.jpg,0,4,cloudy,sunny
s2466.jpg,4,3,sunny,snowy
snowy weather-73.jpeg,3,3,snowy,snowy
s3218.jpg,4,4,sunny,sunny
0886.jpg,3,3,snowy,snowy
2189801348.jpg,3,3,snowy,snowy
8463865.jpg,0,0,cloudy,cloudy
shine29.jpg,4,4,sunny,sunny
s3970.jpg,4,0,sunny,cloudy
2277024352.jpg,1,1,foggy,foggy
12002539.jpg,0,0,cloudy,cloudy
108405747.jpg,2,0,rainy,cloudy
4158.jpg,1,0,foggy,cloudy
3188083291.jpg,3,3,snowy,snowy
634507504.jpg,2,2,rainy,rainy
1404740558.jpg,2,2,rainy,rainy
s4706.jpg,4,4,sunny,sunny
c1445.jpg,0,0,cloudy,cloudy
s1318.jpg,4,4,sunny,sunny
4579.jpg,1,1,foggy,foggy
c1360.jpg,0,0,cloudy,cloudy
s1602.jpg,4,4,sunny,sunny
c0286.jpg,0,0,cloudy,cloudy
s4350.jpg,4,4,sunny,sunny
cloudy296.jpg,0,0,cloudy,cloudy
2051836334.jpg,2,2,rainy,rainy
s1958.jpg,4,4,sunny,sunny
cloudy day-75.jpeg,0,0,cloudy,cloudy
s2586.jpg,4,4,sunny,sunny
s4007.jpg,4,0,sunny,cloudy
c4196.jpg,0,0,cloudy,cloudy
s2710.jpg,4,4,sunny,sunny
c1699.jpg,0,4,cloudy,sunny
s1365.jpg,4,4,sunny,sunny
2274900773.jpg,3,3,snowy,snowy
2413438179.jpg,3,3,snowy,snowy
c2373.jpg,0,2,cloudy,rainy
c2897.jpg,0,3,cloudy,snowy
s3780.jpg,4,4,sunny,sunny
2530535723.jpg,2,3,rainy,snowy
24918971.jpg,4,0,sunny,cloudy
c2819.jpg,0,0,cloudy,cloudy
c2021.jpg,0,3,cloudy,snowy
shine59.jpg,4,4,sunny,sunny
rainy weather-39.jpeg,2,3,rainy,snowy
c2089.jpg,0,0,cloudy,cloudy
s3786.jpg,4,4,sunny,sunny
s4420.jpg,4,4,sunny,sunny
s4704.jpg,4,0,sunny,cloudy
c1936.jpg,0,0,cloudy,cloudy
s0277.jpg,4,4,sunny,sunny
c1673.jpg,0,0,cloudy,cloudy
s4144.jpg,4,4,sunny,sunny
c3432.jpg,0,2,cloudy,rainy
s2856.jpg,4,0,sunny,cloudy
s1739.jpg,4,4,sunny,sunny
c2886.jpg,0,0,cloudy,cloudy
c3185.jpg,0,0,cloudy,cloudy
c0417.jpg,0,2,cloudy,rainy
s4440.jpg,4,4,sunny,sunny
c3619.jpg,0,0,cloudy,cloudy
2265841968.jpg,2,0,rainy,cloudy
186067794.jpg,1,0,foggy,cloudy
c3196.jpg,0,3,cloudy,snowy
24323048.jpg,4,3,sunny,snowy
c2676.jpg,0,4,cloudy,sunny
3232345537.jpg,3,3,snowy,snowy
s3753.jpg,4,4,sunny,sunny
sunny sky-94.jpeg,4,4,sunny,sunny
s2388.jpg,4,4,sunny,sunny
cloudy weather-26.jpeg,0,0,cloudy,cloudy
c4760.jpg,0,4,cloudy,sunny
s3256.jpg,4,0,sunny,cloudy
s2872.jpg,4,4,sunny,sunny
4833.jpg,1,1,foggy,foggy
s1569.jpg,4,4,sunny,sunny
s4388.jpg,4,4,sunny,sunny
c2364.jpg,0,0,cloudy,cloudy
s2561.jpg,4,4,sunny,sunny
s4344.jpg,4,4,sunny,sunny
rain28.jpg,2,0,rainy,cloudy
c1811.jpg,0,0,cloudy,cloudy
s4606.jpg,4,4,sunny,sunny
s0032.jpg,4,0,sunny,cloudy
c0581.jpg,0,3,cloudy,snowy
foggy day-74.jpeg,1,1,foggy,foggy
c3653.jpg,0,0,cloudy,cloudy
rainy weather-6.jpeg,2,2,rainy,rainy
c4341.jpg,0,0,cloudy,cloudy
s1321.jpg,4,4,sunny,sunny
s4811.jpg,4,4,sunny,sunny
2769529932.jpg,2,2,rainy,rainy
25869898.jpg,4,4,sunny,sunny
s4422.jpg,4,4,sunny,sunny
7822807.jpg,0,3,cloudy,snowy
c1643.jpg,0,0,cloudy,cloudy
c4543.jpg,0,1,cloudy,foggy
c3154.jpg,0,0,cloudy,cloudy
77.jpg,1,1,foggy,foggy
0878.jpg,3,3,snowy,snowy
s1404.jpg,4,4,sunny,sunny
15856742.jpg,0,4,cloudy,sunny
2085045882.jpg,1,1,foggy,foggy
0841.jpg,3,3,snowy,snowy
c0668.jpg,0,0,cloudy,cloudy
3234246105.jpg,3,3,snowy,snowy
s3718.jpg,4,4,sunny,sunny
sunny weather-46.jpeg,4,4,sunny,sunny
s4488.jpg,4,4,sunny,sunny
c3643.jpg,0,3,cloudy,snowy
s3336.jpg,4,4,sunny,sunny
4306.jpg,1,1,foggy,foggy
3267974380.jpg,3,3,snowy,snowy
s0654.jpg,4,4,sunny,sunny
c1966.jpg,0,0,cloudy,cloudy
c1390.jpg,0,0,cloudy,cloudy
c1154.jpg,0,0,cloudy,cloudy
foggy day-93.jpeg,1,0,foggy,cloudy
s0388.jpg,4,4,sunny,sunny
21.jpg,1,1,foggy,foggy
s2768.jpg,4,4,sunny,sunny
8648096.jpg,4,0,sunny,cloudy
s3122.jpg,4,4,sunny,sunny
s3867.jpg,4,4,sunny,sunny
c1326.jpg,0,0,cloudy,cloudy
638145635.jpg,2,3,rainy,snowy
4213.jpg,1,0,foggy,cloudy
s1415.jpg,4,4,sunny,sunny
1606.jpg,2,3,rainy,snowy
c3010.jpg,0,0,cloudy,cloudy
c3972.jpg,0,0,cloudy,cloudy
sunny sky-110.jpeg,4,4,sunny,sunny
c4803.jpg,0,0,cloudy,cloudy
2299052571.jpg,2,0,rainy,cloudy
c4008.jpg,0,0,cloudy,cloudy
782808626.jpg,2,2,rainy,rainy
s0859.jpg,4,4,sunny,sunny
c2016.jpg,0,0,cloudy,cloudy
s2425.jpg,4,4,sunny,sunny
8181167.jpg,4,4,sunny,sunny
3245226590.jpg,3,3,snowy,snowy
s3730.jpg,4,4,sunny,sunny
6869852.jpg,0,0,cloudy,cloudy
3908066.jpg,0,4,cloudy,sunny
1511.jpg,2,2,rainy,rainy
c1723.jpg,0,0,cloudy,cloudy
c4252.jpg,0,0,cloudy,cloudy
3124986090.jpg,3,3,snowy,snowy
52.jpg,1,2,foggy,rainy
c0142.jpg,0,0,cloudy,cloudy
1029.jpg,3,3,snowy,snowy
s4670.jpg,4,4,sunny,sunny
0846.jpg,3,3,snowy,snowy
c0521.jpg,0,4,cloudy,sunny
s4770.jpg,4,4,sunny,sunny
c2059.jpg,0,0,cloudy,cloudy
c2861.jpg,0,0,cloudy,cloudy
1116.jpg,3,3,snowy,snowy
1061.jpg,2,2,rainy,rainy
s0477.jpg,4,4,sunny,sunny
c4306.jpg,0,0,cloudy,cloudy
1350.jpg,3,3,snowy,snowy
0973.jpg,3,3,snowy,snowy
25870303.jpg,4,4,sunny,sunny
cloudy164.jpg,0,0,cloudy,cloudy
2699844.jpg,0,4,cloudy,sunny
2280195104.jpg,2,2,rainy,rainy
2281467242.jpg,3,3,snowy,snowy
c3033.jpg,0,0,cloudy,cloudy
c3454.jpg,0,0,cloudy,cloudy
s4558.jpg,4,4,sunny,sunny
4285.jpg,1,1,foggy,foggy
cloudy115.jpg,0,0,cloudy,cloudy
s1364.jpg,4,0,sunny,cloudy
11922675.jpg,0,3,cloudy,snowy
c0859.jpg,0,0,cloudy,cloudy
s3871.jpg,4,4,sunny,sunny
11077439.jpg,0,4,cloudy,sunny
4878.jpg,1,1,foggy,foggy
s3793.jpg,4,2,sunny,rainy
s2375.jpg,4,4,sunny,sunny
9363919.jpg,0,0,cloudy,cloudy
20599812.jpg,4,4,sunny,sunny
s0220.jpg,4,4,sunny,sunny
c2822.jpg,0,0,cloudy,cloudy
s4687.jpg,4,4,sunny,sunny
c3786.jpg,0,3,cloudy,snowy
c0973.jpg,0,0,cloudy,cloudy
8557575.jpg,0,0,cloudy,cloudy
90.jpg,2,0,rainy,cloudy
c1503.jpg,0,4,cloudy,sunny
3518571.jpg,0,0,cloudy,cloudy
c3122.jpg,0,3,cloudy,snowy
s0005.jpg,4,4,sunny,sunny
3179485339.jpg,3,3,snowy,snowy
s4823.jpg,4,4,sunny,sunny
c029.jpg,0,4,cloudy,sunny
rainy weather-133.jpeg,2,2,rainy,rainy
s3453.jpg,4,4,sunny,sunny
s3749.jpg,4,3,sunny,snowy
s3495.jpg,4,4,sunny,sunny
c4403.jpg,0,0,cloudy,cloudy
c1849.jpg,0,0,cloudy,cloudy
s3742.jpg,4,4,sunny,sunny
s4495.jpg,4,4,sunny,sunny
c4848.jpg,0,4,cloudy,sunny
s1865.jpg,4,4,sunny,sunny
s3514.jpg,4,4,sunny,sunny
4096.jpg,1,1,foggy,foggy
rainy weather-77.jpeg,2,2,rainy,rainy
c2871.jpg,0,2,cloudy,rainy
8452723.jpg,0,0,cloudy,cloudy
241180949.jpg,2,4,rainy,sunny
c2241.jpg,0,3,cloudy,snowy
19180856.jpg,4,0,sunny,cloudy
29578763.jpg,4,2,sunny,rainy
c2122.jpg,0,4,cloudy,sunny
s0479.jpg,4,4,sunny,sunny
s136.jpg,4,4,sunny,sunny
sunny weather-39.jpeg,4,4,sunny,sunny
396002989.jpg,3,0,snowy,cloudy
foggy day-70.jpeg,1,1,foggy,foggy
2377254498.jpg,3,3,snowy,snowy
s2471.jpg,4,4,sunny,sunny
12003617.jpg,0,0,cloudy,cloudy
s4035.jpg,4,4,sunny,sunny
c0578.jpg,0,0,cloudy,cloudy
s2878.jpg,4,2,sunny,rainy
c2709.jpg,0,0,cloudy,cloudy
cloudy185.jpg,0,0,cloudy,cloudy
c2009.jpg,0,0,cloudy,cloudy
rainy weather-35.jpeg,2,0,rainy,cloudy
c1467.jpg,0,0,cloudy,cloudy
rainy day-101.jpeg,2,0,rainy,cloudy
c0962.jpg,0,0,cloudy,cloudy
c4735.jpg,0,0,cloudy,cloudy
s2967.jpg,4,0,sunny,cloudy
388545182.jpg,3,3,snowy,snowy
s085.jpg,4,0,sunny,cloudy
s1740.jpg,4,4,sunny,sunny
s4139.jpg,4,4,sunny,sunny
c0280.jpg,0,0,cloudy,cloudy
c4487.jpg,0,0,cloudy,cloudy
248591094.jpg,2,0,rainy,cloudy
3209029375.jpg,3,3,snowy,snowy
1600.jpg,2,2,rainy,rainy
3246357059.jpg,3,3,snowy,snowy
sunny sky-60.jpeg,4,3,sunny,snowy
c0779.jpg,0,0,cloudy,cloudy
s3859.jpg,4,4,sunny,sunny
4728.jpg,1,1,foggy,foggy
1268.jpg,3,3,snowy,snowy
1156.jpg,3,3,snowy,snowy
s4995.jpg,4,4,sunny,sunny
s0559.jpg,4,4,sunny,sunny
c1972.jpg,0,0,cloudy,cloudy
s3115.jpg,4,4,sunny,sunny
4104.jpg,1,1,foggy,foggy
snowy weather-37.jpeg,3,3,snowy,snowy
s3125.jpg,4,4,sunny,sunny
1806.jpg,2,2,rainy,rainy
s4085.jpg,4,4,sunny,sunny
c4529.jpg,0,0,cloudy,cloudy
1463078351.jpg,3,3,snowy,snowy
s4306.jpg,4,4,sunny,sunny
foggy weather-2.jpeg,1,1,foggy,foggy
c2320.jpg,0,4,cloudy,sunny
s0022.jpg,4,4,sunny,sunny
s0216.jpg,4,4,sunny,sunny
c0807.jpg,0,4,cloudy,sunny
2274211442.jpg,3,0,snowy,cloudy
4483.jpg,1,1,foggy,foggy
c4106.jpg,0,0,cloudy,cloudy
188343194.jpg,1,3,foggy,snowy
s4869.jpg,4,4,sunny,sunny
c007.jpg,0,2,cloudy,rainy
11724533.jpg,0,0,cloudy,cloudy
873582799.jpg,2,4,rainy,sunny
11311921.jpg,4,4,sunny,sunny
70.jpg,2,0,rainy,cloudy
c2133.jpg,0,0,cloudy,cloudy
4339.jpg,1,1,foggy,foggy
1546.jpg,2,2,rainy,rainy
1582.jpg,2,2,rainy,rainy
17221249.jpg,4,4,sunny,sunny
cloudy85.jpg,0,0,cloudy,cloudy
c3041.jpg,0,0,cloudy,cloudy
17981669.jpg,0,0,cloudy,cloudy
1636.jpg,2,2,rainy,rainy
c0198.jpg,0,3,cloudy,snowy
c4272.jpg,0,3,cloudy,snowy
c2079.jpg,0,0,cloudy,cloudy
c2951.jpg,0,2,cloudy,rainy
s0281.jpg,4,4,sunny,sunny
78886147.jpg,3,0,snowy,cloudy
s3406.jpg,4,4,sunny,sunny
snowy day-125.jpeg,3,3,snowy,snowy
26063372.jpg,0,0,cloudy,cloudy
4875.jpg,1,3,foggy,snowy
c1050.jpg,0,0,cloudy,cloudy
s4703.jpg,4,4,sunny,sunny
shine123.jpg,4,4,sunny,sunny
rain179.jpg,2,3,rainy,snowy
c2697.jpg,0,3,cloudy,snowy
26323998.jpg,4,4,sunny,sunny
s3275.jpg,4,4,sunny,sunny
1445.jpg,3,3,snowy,snowy
c3510.jpg,0,0,cloudy,cloudy
cloudy weather-139.jpeg,0,4,cloudy,sunny
c0428.jpg,0,2,cloudy,rainy
c2023.jpg,0,4,cloudy,sunny
2266801326.jpg,2,4,rainy,sunny
c2789.jpg,0,0,cloudy,cloudy
c4423.jpg,0,0,cloudy,cloudy
c4026.jpg,0,3,cloudy,snowy
26099224.jpg,0,0,cloudy,cloudy
18493545.jpg,0,1,cloudy,foggy
36224219.jpg,1,0,foggy,cloudy
2272052025.jpg,1,1,foggy,foggy
s1433.jpg,4,4,sunny,sunny
22792910.jpg,0,2,cloudy,rainy
c0618.jpg,0,0,cloudy,cloudy
s3371.jpg,4,4,sunny,sunny
c3160.jpg,0,3,cloudy,snowy
c094.jpg,0,0,cloudy,cloudy
4385.jpg,1,1,foggy,foggy
s3905.jpg,4,4,sunny,sunny
1042.jpg,3,0,snowy,cloudy
315338442.jpg,2,2,rainy,rainy
s2616.jpg,4,2,sunny,rainy
23789103.jpg,4,4,sunny,sunny
s1578.jpg,4,4,sunny,sunny
snowy weather-98.jpeg,3,3,snowy,snowy
1058.jpg,2,2,rainy,rainy
s2233.jpg,4,4,sunny,sunny
c1523.jpg,0,4,cloudy,sunny
1374.jpg,3,3,snowy,snowy
12840676.jpg,0,0,cloudy,cloudy
c2410.jpg,0,4,cloudy,sunny
s0181.jpg,4,0,sunny,cloudy
4492.jpg,1,0,foggy,cloudy
s3170.jpg,4,0,sunny,cloudy
1484.jpg,2,3,rainy,snowy
302816042.jpg,2,2,rainy,rainy
cloudy day-45.jpeg,0,2,cloudy,rainy
9537906.jpg,4,4,sunny,sunny
21515271.jpg,0,4,cloudy,sunny
22642392.jpg,0,4,cloudy,sunny
s4122.jpg,4,4,sunny,sunny
c096.jpg,0,1,cloudy,foggy
s1552.jpg,4,4,sunny,sunny
383535545.jpg,2,0,rainy,cloudy
3257927694.jpg,3,3,snowy,snowy
c4864.jpg,0,3,cloudy,snowy
3207939378.jpg,3,3,snowy,snowy
s0091.jpg,4,4,sunny,sunny
c3177.jpg,0,0,cloudy,cloudy
2185601129.jpg,1,2,foggy,rainy
c4411.jpg,0,0,cloudy,cloudy
c3696.jpg,0,0,cloudy,cloudy
9541277.jpg,0,0,cloudy,cloudy
s3824.jpg,4,4,sunny,sunny
s2050.jpg,4,4,sunny,sunny
s4205.jpg,4,4,sunny,sunny
s4244.jpg,4,4,sunny,sunny
cloudy day-48.jpeg,0,4,cloudy,sunny
121345859.jpg,1,1,foggy,foggy
sunny sky-54.jpeg,4,4,sunny,sunny
c3279.jpg,0,0,cloudy,cloudy
1254.jpg,2,0,rainy,cloudy
11662674.jpg,0,2,cloudy,rainy
c4417.jpg,0,0,cloudy,cloudy
c0152.jpg,0,0,cloudy,cloudy
s1296.jpg,4,4,sunny,sunny
5981469.jpg,4,4,sunny,sunny
s0116.jpg,4,4,sunny,sunny
c0904.jpg,0,0,cloudy,cloudy
s0546.jpg,4,4,sunny,sunny
s2091.jpg,4,4,sunny,sunny
s2964.jpg,4,4,sunny,sunny
12381129.jpg,0,0,cloudy,cloudy
c3512.jpg,0,0,cloudy,cloudy
8465065.jpg,0,0,cloudy,cloudy
3015505096.jpg,1,2,foggy,rainy
sunny sky-127.jpeg,4,0,sunny,cloudy
s3575.jpg,4,4,sunny,sunny
c3167.jpg,0,0,cloudy,cloudy
s2126.jpg,4,4,sunny,sunny
c4289.jpg,0,0,cloudy,cloudy
75.jpg,1,1,foggy,foggy
s4425.jpg,4,3,sunny,snowy
4762.jpg,1,1,foggy,foggy
1314.jpg,3,3,snowy,snowy
c0654.jpg,0,0,cloudy,cloudy
c3030.jpg,0,0,cloudy,cloudy
c0617.jpg,0,0,cloudy,cloudy
s2316.jpg,4,4,sunny,sunny
26525844.jpg,4,3,sunny,snowy
314275719.jpg,3,3,snowy,snowy
c0062.jpg,0,4,cloudy,sunny
4437.jpg,1,1,foggy,foggy
2110310458.jpg,3,3,snowy,snowy
c1607.jpg,0,0,cloudy,cloudy
sunny sky-125.jpeg,4,4,sunny,sunny
4772.jpg,1,1,foggy,foggy
snowy day-14.jpeg,3,3,snowy,snowy
c3390.jpg,0,0,cloudy,cloudy
s0888.jpg,4,4,sunny,sunny
28425512.jpg,0,0,cloudy,cloudy
4513.jpg,1,1,foggy,foggy
s4827.jpg,4,4,sunny,sunny
c0657.jpg,0,0,cloudy,cloudy
s152.jpg,4,0,sunny,cloudy
45286441.jpg,2,2,rainy,rainy
rain189.jpg,2,2,rainy,rainy
s2628.jpg,4,4,sunny,sunny
c3825.jpg,0,0,cloudy,cloudy
c1903.jpg,0,0,cloudy,cloudy
s3274.jpg,4,4,sunny,sunny
2117828570.jpg,3,3,snowy,snowy
3256516647.jpg,1,0,foggy,cloudy
1158.jpg,3,3,snowy,snowy
s0762.jpg,4,4,sunny,sunny
14988389.jpg,4,4,sunny,sunny
cloudy139.jpg,0,0,cloudy,cloudy
2146412857.jpg,2,0,rainy,cloudy
c2783.jpg,0,0,cloudy,cloudy
s076.jpg,4,4,sunny,sunny
s0934.jpg,4,4,sunny,sunny
8217294.jpg,4,4,sunny,sunny
325353227.jpg,2,2,rainy,rainy
0835.jpg,3,1,snowy,foggy
cloudy37.jpg,0,0,cloudy,cloudy
30018698.jpg,0,4,cloudy,sunny
646603667.jpg,2,2,rainy,rainy
c0762.jpg,0,0,cloudy,cloudy
s4421.jpg,4,4,sunny,sunny
s1164.jpg,4,4,sunny,sunny
c4757.jpg,0,0,cloudy,cloudy
c1410.jpg,0,0,cloudy,cloudy
s2699.jpg,4,4,sunny,sunny
77.jpg,2,3,rainy,snowy
c3967.jpg,0,4,cloudy,sunny
5698209.jpg,4,0,sunny,cloudy
c4942.jpg,0,4,cloudy,sunny
1233.jpg,3,3,snowy,snowy
c4631.jpg,0,2,cloudy,rainy
s4529.jpg,4,0,sunny,cloudy
cloudy day-96.jpeg,0,0,cloudy,cloudy
2692858.jpg,0,0,cloudy,cloudy
s1002.jpg,4,4,sunny,sunny
6870280.jpg,0,0,cloudy,cloudy
s031.jpg,4,4,sunny,sunny
s1367.jpg,4,4,sunny,sunny
c3872.jpg,0,3,cloudy,snowy
c4825.jpg,0,2,cloudy,rainy
4127.jpg,1,1,foggy,foggy
s2006.jpg,4,4,sunny,sunny
s1717.jpg,4,4,sunny,sunny
1368.jpg,3,3,snowy,snowy
14681053.jpg,0,0,cloudy,cloudy
c2645.jpg,0,2,cloudy,rainy
222527486.jpg,2,0,rainy,cloudy
c3730.jpg,0,3,cloudy,snowy
s3783.jpg,4,4,sunny,sunny
2996805073.jpg,1,0,foggy,cloudy
4744453.jpg,4,4,sunny,sunny
c1713.jpg,0,0,cloudy,cloudy
c1676.jpg,0,3,cloudy,snowy
cloudy weather-51.jpeg,0,0,cloudy,cloudy
1192390503.jpg,2,2,rainy,rainy
c1919.jpg,0,0,cloudy,cloudy
c3694.jpg,0,0,cloudy,cloudy
s3225.jpg,4,4,sunny,sunny
2171188364.jpg,2,3,rainy,snowy
c1354.jpg,0,0,cloudy,cloudy
c0455.jpg,0,2,cloudy,rainy
16621299.jpg,0,0,cloudy,cloudy
c2288.jpg,0,0,cloudy,cloudy
s0289.jpg,4,4,sunny,sunny
sunny weather-100.jpeg,4,4,sunny,sunny
2241590742.jpg,3,3,snowy,snowy
s1463.jpg,4,4,sunny,sunny
c0346.jpg,0,0,cloudy,cloudy
s0583.jpg,4,4,sunny,sunny
s0480.jpg,4,4,sunny,sunny
3179622057.jpg,3,3,snowy,snowy
s064.jpg,4,4,sunny,sunny
c2926.jpg,0,0,cloudy,cloudy
4088.jpg,1,0,foggy,cloudy
c4057.jpg,0,0,cloudy,cloudy
c2409.jpg,0,4,cloudy,sunny
1024.jpg,3,3,snowy,snowy
s4546.jpg,4,4,sunny,sunny
c0775.jpg,0,2,cloudy,rainy
2114991721.jpg,2,3,rainy,snowy
s3740.jpg,4,4,sunny,sunny
c0019.jpg,0,0,cloudy,cloudy
21873572.jpg,0,0,cloudy,cloudy
c3620.jpg,0,0,cloudy,cloudy
9344781.jpg,4,4,sunny,sunny
s2997.jpg,4,4,sunny,sunny
s3449.jpg,4,4,sunny,sunny
13640280.jpg,4,4,sunny,sunny
c4429.jpg,0,0,cloudy,cloudy
s4319.jpg,4,4,sunny,sunny
c0650.jpg,0,4,cloudy,sunny
cloudy weather-27.jpeg,0,0,cloudy,cloudy
c2637.jpg,0,0,cloudy,cloudy
s0979.jpg,4,4,sunny,sunny
snowy day-82.jpeg,3,3,snowy,snowy
c0549.jpg,0,0,cloudy,cloudy
2252525922.jpg,1,1,foggy,foggy
2531388180.jpg,2,0,rainy,cloudy
s4998.jpg,4,4,sunny,sunny
1679.jpg,2,0,rainy,cloudy
c3991.jpg,0,0,cloudy,cloudy
c0834.jpg,0,0,cloudy,cloudy
29954316.jpg,0,0,cloudy,cloudy
s1959.jpg,4,4,sunny,sunny
4436.jpg,1,1,foggy,foggy
c2655.jpg,0,0,cloudy,cloudy
3908029.jpg,0,0,cloudy,cloudy
4148.jpg,1,2,foggy,rainy
s1162.jpg,4,4,sunny,sunny
11736328.jpg,0,0,cloudy,cloudy
2350002713.jpg,2,0,rainy,cloudy
c2960.jpg,0,0,cloudy,cloudy
rainy weather-55.jpeg,2,2,rainy,rainy
s1025.jpg,4,4,sunny,sunny
697057572.jpg,1,2,foggy,rainy
418549717.jpg,3,2,snowy,rainy
s4812.jpg,4,4,sunny,sunny
c1738.jpg,0,0,cloudy,cloudy
rainy day-107.jpeg,2,2,rainy,rainy
c4484.jpg,0,2,cloudy,rainy
cloudy278.jpg,0,1,cloudy,foggy
s109.jpg,4,4,sunny,sunny
1816.jpg,2,0,rainy,cloudy
c3810.jpg,0,0,cloudy,cloudy
s2546.jpg,4,4,sunny,sunny
sunny weather-72.jpeg,4,4,sunny,sunny
rainy day-103.jpeg,2,2,rainy,rainy
c0435.jpg,0,3,cloudy,snowy
4347.jpg,1,1,foggy,foggy
29.jpg,2,4,rainy,sunny
323765147.jpg,2,0,rainy,cloudy
25226153.jpg,4,0,sunny,cloudy
137372882.jpg,2,2,rainy,rainy
274700788.jpg,2,0,rainy,cloudy
23835340.jpg,0,0,cloudy,cloudy
c1015.jpg,0,2,cloudy,rainy
1439.jpg,3,3,snowy,snowy
s1548.jpg,4,4,sunny,sunny
s0736.jpg,4,4,sunny,sunny
s3232.jpg,4,4,sunny,sunny
s1431.jpg,4,4,sunny,sunny
c4090.jpg,0,0,cloudy,cloudy
2176301174.jpg,3,0,snowy,cloudy
221477231.jpg,2,0,rainy,cloudy
s2063.jpg,4,4,sunny,sunny
14355549.jpg,0,0,cloudy,cloudy
13676021.jpg,4,4,sunny,sunny
c3766.jpg,0,2,cloudy,rainy
snowy day-2.jpeg,3,3,snowy,snowy
c0952.jpg,0,1,cloudy,foggy
c4071.jpg,0,0,cloudy,cloudy
4591.jpg,1,2,foggy,rainy
c4044.jpg,0,0,cloudy,cloudy
c3891.jpg,0,0,cloudy,cloudy
s4538.jpg,4,4,sunny,sunny
cloudy45.jpg,0,0,cloudy,cloudy
s3424.jpg,4,4,sunny,sunny
c3832.jpg,0,0,cloudy,cloudy
2380902254.jpg,3,3,snowy,snowy
c1950.jpg,0,4,cloudy,sunny
s4850.jpg,4,4,sunny,sunny
c3725.jpg,0,0,cloudy,cloudy
c4964.jpg,0,0,cloudy,cloudy
13325608.jpg,0,2,cloudy,rainy
c0480.jpg,0,2,cloudy,rainy
187894344.jpg,2,1,rainy,foggy
11662537.jpg,0,2,cloudy,rainy
rain131.jpg,2,2,rainy,rainy
c3622.jpg,0,0,cloudy,cloudy
13799283.jpg,4,4,sunny,sunny
c1407.jpg,0,0,cloudy,cloudy
c0582.jpg,0,0,cloudy,cloudy
s4500.jpg,4,3,sunny,snowy
s3528.jpg,4,4,sunny,sunny
20430148.jpg,4,3,sunny,snowy
s070.jpg,4,4,sunny,sunny
c3745.jpg,0,0,cloudy,cloudy
9537917.jpg,4,4,sunny,sunny
c4247.jpg,0,4,cloudy,sunny
s2514.jpg,4,4,sunny,sunny
s1355.jpg,4,4,sunny,sunny
4202.jpg,1,0,foggy,cloudy
c3582.jpg,0,0,cloudy,cloudy
2274342209.jpg,3,0,snowy,cloudy
s2163.jpg,4,4,sunny,sunny
s1046.jpg,4,4,sunny,sunny
s0028.jpg,4,4,sunny,sunny
c2430.jpg,0,3,cloudy,snowy
s4385.jpg,4,4,sunny,sunny
s2440.jpg,4,4,sunny,sunny
c0814.jpg,0,0,cloudy,cloudy
s2824.jpg,4,4,sunny,sunny
s2096.jpg,4,4,sunny,sunny
1527.jpg,2,3,rainy,snowy
4650733.jpg,4,4,sunny,sunny
c2448.jpg,0,0,cloudy,cloudy
rainy weather-129.jpeg,2,2,rainy,rainy
3102480288.jpg,3,3,snowy,snowy
3908028.jpg,0,0,cloudy,cloudy
c4914.jpg,0,0,cloudy,cloudy
4310.jpg,1,1,foggy,foggy
s1727.jpg,4,4,sunny,sunny
sunny sky-101.jpeg,4,4,sunny,sunny
s2147.jpg,4,4,sunny,sunny
s2203.jpg,4,4,sunny,sunny
cloudy day-38.jpeg,0,4,cloudy,sunny
3268321952.jpg,3,3,snowy,snowy
7781672.jpg,4,4,sunny,sunny
s4128.jpg,4,4,sunny,sunny
s1537.jpg,4,4,sunny,sunny
c2944.jpg,0,4,cloudy,sunny
s4014.jpg,4,4,sunny,sunny
c0892.jpg,0,4,cloudy,sunny
c1136.jpg,0,3,cloudy,snowy
2218755638.jpg,2,2,rainy,rainy
9581719.jpg,0,0,cloudy,cloudy
18662334.jpg,4,4,sunny,sunny
1592.jpg,2,2,rainy,rainy
c0908.jpg,0,4,cloudy,sunny
1044.jpg,3,4,snowy,sunny
c4900.jpg,0,0,cloudy,cloudy
c1035.jpg,0,2,cloudy,rainy
4761.jpg,1,0,foggy,cloudy
2279618289.jpg,1,1,foggy,foggy
c1800.jpg,0,3,cloudy,snowy
0933.jpg,3,3,snowy,snowy
c2182.jpg,0,3,cloudy,snowy
3233036448.jpg,3,3,snowy,snowy
3199283537.jpg,1,0,foggy,cloudy
c1892.jpg,0,0,cloudy,cloudy
s0509.jpg,4,4,sunny,sunny
c4383.jpg,0,0,cloudy,cloudy
s0661.jpg,4,4,sunny,sunny
c4360.jpg,0,0,cloudy,cloudy
s0386.jpg,4,4,sunny,sunny
c1668.jpg,0,0,cloudy,cloudy
c3022.jpg,0,0,cloudy,cloudy
c1403.jpg,0,0,cloudy,cloudy
4841.jpg,1,1,foggy,foggy
s2121.jpg,4,0,sunny,cloudy
s1812.jpg,4,4,sunny,sunny
rain4.jpg,2,1,rainy,foggy
cloudy weather-54.jpeg,0,4,cloudy,sunny
cloudy day-2.jpeg,0,4,cloudy,sunny
cloudy weather-7.jpeg,0,1,cloudy,foggy
c4633.jpg,0,0,cloudy,cloudy
2124165429.jpg,3,3,snowy,snowy
26432975.jpg,4,4,sunny,sunny
c1456.jpg,0,0,cloudy,cloudy
s3627.jpg,4,4,sunny,sunny
s2565.jpg,4,3,sunny,snowy
c0108.jpg,0,0,cloudy,cloudy
s1206.jpg,4,4,sunny,sunny
foggy weather-113.jpeg,1,0,foggy,cloudy
c1967.jpg,0,0,cloudy,cloudy
cloudy101.jpg,0,0,cloudy,cloudy
s1128.jpg,4,4,sunny,sunny
s4116.jpg,4,0,sunny,cloudy
9784170.jpg,0,0,cloudy,cloudy
s4352.jpg,4,4,sunny,sunny
2281010554.jpg,1,1,foggy,foggy
c2166.jpg,0,0,cloudy,cloudy
s4542.jpg,4,0,sunny,cloudy
s4427.jpg,4,4,sunny,sunny
shine161.jpg,4,4,sunny,sunny
s014.jpg,4,2,sunny,rainy
50587899.jpg,1,1,foggy,foggy
s3844.jpg,4,4,sunny,sunny
s0644.jpg,4,3,sunny,snowy
c2612.jpg,0,4,cloudy,sunny
rainy weather-81.jpeg,2,4,rainy,sunny
c1573.jpg,0,4,cloudy,sunny
c2406.jpg,0,0,cloudy,cloudy
c1496.jpg,0,0,cloudy,cloudy
c3394.jpg,0,0,cloudy,cloudy
s0018.jpg,4,4,sunny,sunny
s2465.jpg,4,4,sunny,sunny
c0168.jpg,0,0,cloudy,cloudy
4326.jpg,1,1,foggy,foggy
snowy weather-3.jpeg,3,4,snowy,sunny
209015670.jpg,2,3,rainy,snowy
c0014.jpg,0,0,cloudy,cloudy
c1282.jpg,0,0,cloudy,cloudy
c2889.jpg,0,3,cloudy,snowy
c2463.jpg,0,0,cloudy,cloudy
s4232.jpg,4,4,sunny,sunny
s0716.jpg,4,4,sunny,sunny
2265775578.jpg,1,1,foggy,foggy
c3334.jpg,0,0,cloudy,cloudy
465426345.jpg,3,0,snowy,cloudy
c2335.jpg,0,0,cloudy,cloudy
snowy weather-27.jpeg,3,3,snowy,snowy
2036692425.jpg,2,2,rainy,rainy
5466705.jpg,4,4,sunny,sunny
7168089.jpg,4,2,sunny,rainy
2255002798.jpg,2,4,rainy,sunny
s2301.jpg,4,0,sunny,cloudy
27.jpg,2,1,rainy,foggy
s3630.jpg,4,4,sunny,sunny
26573088.jpg,4,4,sunny,sunny
1809.jpg,2,2,rainy,rainy
104795627.jpg,3,4,snowy,sunny
s4518.jpg,4,4,sunny,sunny
c1226.jpg,0,0,cloudy,cloudy
1261.jpg,3,3,snowy,snowy
sunny weather-61.jpeg,4,4,sunny,sunny
c0154.jpg,0,0,cloudy,cloudy
c3828.jpg,0,0,cloudy,cloudy
2302304381.jpg,1,0,foggy,cloudy
1166.jpg,3,1,snowy,foggy
c1637.jpg,0,0,cloudy,cloudy
s1490.jpg,4,2,sunny,rainy
2109535399.jpg,3,3,snowy,snowy
c0184.jpg,0,0,cloudy,cloudy
rain147.jpg,2,0,rainy,cloudy
snowy day-110.jpeg,3,3,snowy,snowy
c1270.jpg,0,4,cloudy,sunny
c3188.jpg,0,0,cloudy,cloudy
c3794.jpg,0,0,cloudy,cloudy
c1827.jpg,0,0,cloudy,cloudy
shine60.jpg,4,3,sunny,snowy
c3648.jpg,0,0,cloudy,cloudy
sunny sky-74.jpeg,4,4,sunny,sunny
rainy day-104.jpeg,2,0,rainy,cloudy
c2183.jpg,0,0,cloudy,cloudy
s2054.jpg,4,4,sunny,sunny
6869958.jpg,0,0,cloudy,cloudy
c1797.jpg,0,2,cloudy,rainy
19847080.jpg,4,4,sunny,sunny
168.jpg,1,1,foggy,foggy
2337152157.jpg,1,1,foggy,foggy
9360851.jpg,4,4,sunny,sunny
s4815.jpg,4,4,sunny,sunny
c2576.jpg,0,3,cloudy,snowy
4472.jpg,1,1,foggy,foggy
s2201.jpg,4,4,sunny,sunny
2287669743.jpg,2,0,rainy,cloudy
c1193.jpg,0,0,cloudy,cloudy
s3397.jpg,4,4,sunny,sunny
s0485.jpg,4,4,sunny,sunny
c0742.jpg,0,0,cloudy,cloudy
c0150.jpg,0,2,cloudy,rainy
s4534.jpg,4,4,sunny,sunny
6861744.jpg,4,3,sunny,snowy
c2160.jpg,0,0,cloudy,cloudy
s3931.jpg,4,4,sunny,sunny
3185484154.jpg,3,3,snowy,snowy
1210.jpg,3,3,snowy,snowy
c4459.jpg,0,0,cloudy,cloudy
cloudy weather-61.jpeg,0,0,cloudy,cloudy
4371.jpg,1,1,foggy,foggy
c4982.jpg,0,0,cloudy,cloudy
s0593.jpg,4,4,sunny,sunny
c2331.jpg,0,2,cloudy,rainy
s0457.jpg,4,4,sunny,sunny
c1707.jpg,0,0,cloudy,cloudy
c3634.jpg,0,0,cloudy,cloudy
s2667.jpg,4,3,sunny,snowy
c2405.jpg,0,0,cloudy,cloudy
1603.jpg,2,2,rainy,rainy
s1247.jpg,4,4,sunny,sunny
4307702.jpg,4,2,sunny,rainy
s1985.jpg,4,0,sunny,cloudy
s2566.jpg,4,4,sunny,sunny
250986411.jpg,3,0,snowy,cloudy
s4291.jpg,4,4,sunny,sunny
c2963.jpg,0,0,cloudy,cloudy
s1492.jpg,4,4,sunny,sunny
c0604.jpg,0,0,cloudy,cloudy
s3442.jpg,4,0,sunny,cloudy
s0821.jpg,4,4,sunny,sunny
10441428.jpg,0,0,cloudy,cloudy
s0925.jpg,4,4,sunny,sunny
c1737.jpg,0,0,cloudy,cloudy
5821652.jpg,0,0,cloudy,cloudy
cloudy weather-87.jpeg,0,0,cloudy,cloudy
1487.jpg,2,2,rainy,rainy
0949.jpg,3,3,snowy,snowy
c2455.jpg,0,0,cloudy,cloudy
foggy day-121.jpeg,1,3,foggy,snowy
19790708.jpg,0,0,cloudy,cloudy
s0826.jpg,4,4,sunny,sunny
rainy weather-112.jpeg,2,0,rainy,cloudy
s0419.jpg,4,4,sunny,sunny
s3516.jpg,4,0,sunny,cloudy
rainy day-15.jpeg,2,2,rainy,rainy
c0643.jpg,0,0,cloudy,cloudy
s4058.jpg,4,0,sunny,cloudy
c3006.jpg,0,0,cloudy,cloudy
c3863.jpg,0,0,cloudy,cloudy
19403659.jpg,0,0,cloudy,cloudy
9784117.jpg,0,2,cloudy,rainy
13637059.jpg,0,4,cloudy,sunny
c1777.jpg,0,3,cloudy,snowy
c1021.jpg,0,0,cloudy,cloudy
s0489.jpg,4,4,sunny,sunny
cloudy weather-64.jpeg,0,0,cloudy,cloudy
s1539.jpg,4,4,sunny,sunny
c0274.jpg,0,0,cloudy,cloudy
cloudy288.jpg,0,3,cloudy,snowy
s1966.jpg,4,4,sunny,sunny
s0305.jpg,4,4,sunny,sunny
c2082.jpg,0,0,cloudy,cloudy
s3278.jpg,4,0,sunny,cloudy
1731.jpg,2,0,rainy,cloudy
c0419.jpg,0,0,cloudy,cloudy
28815525.jpg,4,4,sunny,sunny
2099111620.jpg,3,3,snowy,snowy
c0219.jpg,0,0,cloudy,cloudy
19918054.jpg,0,4,cloudy,sunny
s1619.jpg,4,4,sunny,sunny
s0881.jpg,4,4,sunny,sunny
19365761.jpg,0,2,cloudy,rainy
c2090.jpg,0,0,cloudy,cloudy
shine107.jpg,4,4,sunny,sunny
21456440.jpg,4,4,sunny,sunny
0889.jpg,3,3,snowy,snowy
2117087993.jpg,2,2,rainy,rainy
s0226.jpg,4,4,sunny,sunny
s0607.jpg,4,4,sunny,sunny
c3019.jpg,0,2,cloudy,rainy
1356.jpg,3,3,snowy,snowy
c0056.jpg,0,4,cloudy,sunny
c1384.jpg,0,3,cloudy,snowy
2364662840.jpg,3,3,snowy,snowy
487073431.jpg,2,2,rainy,rainy
s4804.jpg,4,4,sunny,sunny
c1262.jpg,0,0,cloudy,cloudy
s0724.jpg,4,0,sunny,cloudy
s2495.jpg,4,4,sunny,sunny
s2159.jpg,4,0,sunny,cloudy
s2213.jpg,4,4,sunny,sunny
s4912.jpg,4,4,sunny,sunny
s0121.jpg,4,4,sunny,sunny
s0203.jpg,4,4,sunny,sunny
s0907.jpg,4,4,sunny,sunny
368972890.jpg,2,2,rainy,rainy
c0837.jpg,0,0,cloudy,cloudy
c1231.jpg,0,4,cloudy,sunny
s2110.jpg,4,4,sunny,sunny
20063318.jpg,4,4,sunny,sunny
532418365.jpg,3,2,snowy,rainy
c3197.jpg,0,0,cloudy,cloudy
411716371.jpg,2,2,rainy,rainy
c2319.jpg,0,0,cloudy,cloudy
c3753.jpg,0,0,cloudy,cloudy
c4536.jpg,0,4,cloudy,sunny
18151439.jpg,0,0,cloudy,cloudy
2279621195.jpg,1,1,foggy,foggy
c1612.jpg,0,0,cloudy,cloudy
1822.jpg,2,2,rainy,rainy
rain91.jpg,2,0,rainy,cloudy
s4808.jpg,4,4,sunny,sunny
c1388.jpg,0,4,cloudy,sunny
s0224.jpg,4,0,sunny,cloudy
1573.jpg,2,0,rainy,cloudy
c2411.jpg,0,0,cloudy,cloudy
c079.jpg,0,0,cloudy,cloudy
c0505.jpg,0,0,cloudy,cloudy
27.jpg,1,1,foggy,foggy
s027.jpg,4,4,sunny,sunny
4904.jpg,1,0,foggy,cloudy
c0295.jpg,0,0,cloudy,cloudy
foggy weather-31.jpeg,1,1,foggy,foggy
6870355.jpg,0,0,cloudy,cloudy
9363926.jpg,0,0,cloudy,cloudy
c3877.jpg,0,4,cloudy,sunny
4619.jpg,1,1,foggy,foggy
399289535.jpg,2,4,rainy,sunny
c0787.jpg,0,3,cloudy,snowy
16398270.jpg,4,4,sunny,sunny
s2738.jpg,4,4,sunny,sunny
c0647.jpg,0,2,cloudy,rainy
s1289.jpg,4,4,sunny,sunny
3245225274.jpg,3,3,snowy,snowy
c3245.jpg,0,0,cloudy,cloudy
c4186.jpg,0,4,cloudy,sunny
2431219986.jpg,3,3,snowy,snowy
foggy day-98.jpeg,1,0,foggy,cloudy
c2268.jpg,0,1,cloudy,foggy
3994621.jpg,0,0,cloudy,cloudy
s3987.jpg,4,0,sunny,cloudy
s2321.jpg,4,4,sunny,sunny
s1651.jpg,4,4,sunny,sunny
c0283.jpg,0,0,cloudy,cloudy
c3126.jpg,0,0,cloudy,cloudy
s3633.jpg,4,4,sunny,sunny
25691884.jpg,4,4,sunny,sunny
9344807.jpg,0,0,cloudy,cloudy
s4977.jpg,4,0,sunny,cloudy
s3059.jpg,4,4,sunny,sunny
26935148.jpg,4,0,sunny,cloudy
rain180.jpg,2,0,rainy,cloudy
4464.jpg,1,1,foggy,foggy
2728674189.jpg,2,0,rainy,cloudy
1547823.jpg,0,4,cloudy,sunny
c2314.jpg,0,0,cloudy,cloudy
302302308.jpg,2,0,rainy,cloudy
c1710.jpg,0,4,cloudy,sunny
c4879.jpg,0,0,cloudy,cloudy
s2701.jpg,4,4,sunny,sunny
sunny sky-102.jpeg,4,0,sunny,cloudy
snowy day-89.jpeg,3,0,snowy,cloudy
12608366.jpg,4,4,sunny,sunny
1179.jpg,3,1,snowy,foggy
s2804.jpg,4,4,sunny,sunny
25868989.jpg,0,4,cloudy,sunny
26097586.jpg,0,0,cloudy,cloudy
s1921.jpg,4,4,sunny,sunny
cloudy33.jpg,0,0,cloudy,cloudy
s0892.jpg,4,4,sunny,sunny
c3211.jpg,0,2,cloudy,rainy
c1760.jpg,0,0,cloudy,cloudy
c3471.jpg,0,4,cloudy,sunny
1665.jpg,2,3,rainy,snowy
c0689.jpg,0,0,cloudy,cloudy
c2055.jpg,0,0,cloudy,cloudy
c2890.jpg,0,0,cloudy,cloudy
503953163.jpg,2,3,rainy,snowy
s4289.jpg,4,4,sunny,sunny
20354954.jpg,4,0,sunny,cloudy
14800178.jpg,2,1,rainy,foggy
18105870.jpg,4,4,sunny,sunny
s4392.jpg,4,4,sunny,sunny
sunny sky-135.jpeg,4,4,sunny,sunny
s4418.jpg,4,4,sunny,sunny
c3223.jpg,0,2,cloudy,rainy
4381.jpg,1,0,foggy,cloudy
26520229.jpg,0,3,cloudy,snowy
c4131.jpg,0,0,cloudy,cloudy
rainy weather-148.jpeg,2,0,rainy,cloudy
1320.jpg,3,4,snowy,sunny
c2201.jpg,0,0,cloudy,cloudy
s0537.jpg,4,4,sunny,sunny
s4175.jpg,4,4,sunny,sunny
sunny sky-137.jpeg,4,0,sunny,cloudy
c4110.jpg,0,0,cloudy,cloudy
c1042.jpg,0,0,cloudy,cloudy
s148.jpg,4,2,sunny,rainy
c0151.jpg,0,3,cloudy,snowy
cloudy day-114.jpeg,0,4,cloudy,sunny
843814887.jpg,1,1,foggy,foggy
c4072.jpg,0,0,cloudy,cloudy
c3574.jpg,0,4,cloudy,sunny
c4694.jpg,0,0,cloudy,cloudy
cloudy119.jpg,0,3,cloudy,snowy
15909309.jpg,0,4,cloudy,sunny
c1057.jpg,0,0,cloudy,cloudy
s4465.jpg,4,0,sunny,cloudy
32885405.jpg,1,1,foggy,foggy
s2438.jpg,4,4,sunny,sunny
765567505.jpg,1,0,foggy,cloudy
17464426.jpg,0,0,cloudy,cloudy
s0077.jpg,4,4,sunny,sunny
370783771.jpg,3,3,snowy,snowy
c1958.jpg,0,3,cloudy,snowy
1303.jpg,3,3,snowy,snowy
26213746.jpg,4,4,sunny,sunny
c4814.jpg,0,0,cloudy,cloudy
foggy day-42.jpeg,1,1,foggy,foggy
s1155.jpg,4,4,sunny,sunny
s4285.jpg,4,3,sunny,snowy
sunny sky-118.jpeg,4,0,sunny,cloudy
1277.jpg,3,3,snowy,snowy
s3166.jpg,4,4,sunny,sunny
2277879814.jpg,3,4,snowy,sunny
23072581.jpg,4,4,sunny,sunny
c2647.jpg,0,0,cloudy,cloudy
c2200.jpg,0,0,cloudy,cloudy
s0470.jpg,4,4,sunny,sunny
c4014.jpg,0,0,cloudy,cloudy
s3946.jpg,4,4,sunny,sunny
2222767626.jpg,3,0,snowy,cloudy
s3926.jpg,4,4,sunny,sunny
38.jpg,2,2,rainy,rainy
10441247.jpg,0,0,cloudy,cloudy
s0299.jpg,4,4,sunny,sunny
c026.jpg,0,3,cloudy,snowy
sunny sky-68.jpeg,4,4,sunny,sunny
1162.jpg,2,0,rainy,cloudy
snowy weather-113.jpeg,3,3,snowy,snowy
s3847.jpg,4,4,sunny,sunny
snowy weather-5.jpeg,3,4,snowy,sunny
2156257596.jpg,3,3,snowy,snowy
s3729.jpg,4,4,sunny,sunny
s0187.jpg,4,4,sunny,sunny
17464931.jpg,0,0,cloudy,cloudy
c4780.jpg,0,3,cloudy,snowy
snowy day-74.jpeg,3,3,snowy,snowy
s3652.jpg,4,4,sunny,sunny
c3572.jpg,0,0,cloudy,cloudy
c1636.jpg,0,0,cloudy,cloudy
c2483.jpg,0,0,cloudy,cloudy
c1731.jpg,0,0,cloudy,cloudy
3908076.jpg,0,2,cloudy,rainy
s3843.jpg,4,4,sunny,sunny
9416040.jpg,4,4,sunny,sunny
2085045406.jpg,1,0,foggy,cloudy
c1941.jpg,0,2,cloudy,rainy
c4585.jpg,0,2,cloudy,rainy
c1672.jpg,0,1,cloudy,foggy
574611251.jpg,2,0,rainy,cloudy
22444911.jpg,4,4,sunny,sunny
s0447.jpg,4,4,sunny,sunny
c2812.jpg,0,0,cloudy,cloudy
s2339.jpg,4,4,sunny,sunny
c2234.jpg,0,0,cloudy,cloudy
c0937.jpg,0,2,cloudy,rainy
3699290.jpg,3,3,snowy,snowy
sunny sky-133.jpeg,4,4,sunny,sunny
23066313.jpg,4,4,sunny,sunny
4802.jpg,1,1,foggy,foggy
c1292.jpg,0,0,cloudy,cloudy
24336601.jpg,4,4,sunny,sunny
1165.jpg,2,0,rainy,cloudy
c3398.jpg,0,0,cloudy,cloudy
s1306.jpg,4,4,sunny,sunny
c0587.jpg,0,0,cloudy,cloudy
foggy day-145.jpeg,1,1,foggy,foggy
c0326.jpg,0,0,cloudy,cloudy
s3378.jpg,4,4,sunny,sunny
2098334935.jpg,2,2,rainy,rainy
s2370.jpg,4,4,sunny,sunny
3163245691.jpg,3,0,snowy,cloudy
c0724.jpg,0,2,cloudy,rainy
snowy day-0.jpeg,3,3,snowy,snowy
c3815.jpg,0,0,cloudy,cloudy
637851170.jpg,2,0,rainy,cloudy
sunny sky-0.jpeg,4,0,sunny,cloudy
cloudy221.jpg,0,0,cloudy,cloudy
s4182.jpg,4,2,sunny,rainy
s0294.jpg,4,4,sunny,sunny
c4395.jpg,0,0,cloudy,cloudy
s4366.jpg,4,4,sunny,sunny
s4287.jpg,4,4,sunny,sunny
1238.jpg,2,2,rainy,rainy
c0623.jpg,0,0,cloudy,cloudy
2265284744.jpg,1,1,foggy,foggy
s0984.jpg,4,4,sunny,sunny
foggy day-33.jpeg,1,1,foggy,foggy
s1145.jpg,4,3,sunny,snowy
6850812.jpg,0,2,cloudy,rainy
410764783.jpg,2,2,rainy,rainy
2664042207.jpg,2,2,rainy,rainy
c3941.jpg,0,0,cloudy,cloudy
cloudy249.jpg,0,1,cloudy,foggy
8451908.jpg,0,0,cloudy,cloudy
rainy day-112.jpeg,2,2,rainy,rainy
snowy weather-97.jpeg,3,1,snowy,foggy
cloudy weather-53.jpeg,0,0,cloudy,cloudy
sunny weather-0.jpeg,4,4,sunny,sunny
25869012.jpg,4,4,sunny,sunny
1070.jpg,3,0,snowy,cloudy
rain213.jpg,2,3,rainy,snowy
s2632.jpg,4,4,sunny,sunny
c1544.jpg,0,4,cloudy,sunny
snowy weather-140.jpeg,3,3,snowy,snowy
8089454.jpg,4,4,sunny,sunny
s3581.jpg,4,4,sunny,sunny
1879760608.jpg,3,3,snowy,snowy
c2961.jpg,0,0,cloudy,cloudy
s0104.jpg,4,4,sunny,sunny
rainy weather-122.jpeg,2,2,rainy,rainy
c0667.jpg,0,0,cloudy,cloudy
237.jpg,1,1,foggy,foggy
c3915.jpg,0,1,cloudy,foggy
cloudy weather-19.jpeg,0,0,cloudy,cloudy
c1332.jpg,0,4,cloudy,sunny
2176293596.jpg,3,1,snowy,foggy
sunny sky-5.jpeg,4,4,sunny,sunny
s0973.jpg,4,4,sunny,sunny
2248084207.jpg,3,3,snowy,snowy
c4087.jpg,0,0,cloudy,cloudy
29452547.jpg,4,4,sunny,sunny
c3830.jpg,0,3,cloudy,snowy
c4153.jpg,0,0,cloudy,cloudy
7707772.jpg,0,0,cloudy,cloudy
627672716.jpg,2,2,rainy,rainy
1555.jpg,2,0,rainy,cloudy
c3952.jpg,0,0,cloudy,cloudy
3996010.jpg,3,3,snowy,snowy
rainy day-134.jpeg,2,0,rainy,cloudy
4621.jpg,1,1,foggy,foggy
s1071.jpg,4,4,sunny,sunny
s2032.jpg,4,4,sunny,sunny
1536.jpg,2,2,rainy,rainy
c1752.jpg,0,0,cloudy,cloudy
s3295.jpg,4,4,sunny,sunny
1509.jpg,2,3,rainy,snowy
9008801.jpg,0,0,cloudy,cloudy
s0135.jpg,4,4,sunny,sunny
27951560.jpg,0,0,cloudy,cloudy
s2094.jpg,4,4,sunny,sunny
810239852.jpg,2,0,rainy,cloudy
foggy weather-19.jpeg,1,0,foggy,cloudy
4678.jpg,1,1,foggy,foggy
c1348.jpg,0,0,cloudy,cloudy
1463.jpg,2,3,rainy,snowy
s4055.jpg,4,4,sunny,sunny
s0085.jpg,4,0,sunny,cloudy
1291.jpg,2,0,rainy,cloudy
shine82.jpg,4,3,sunny,snowy
7471120.jpg,4,0,sunny,cloudy
s3620.jpg,4,4,sunny,sunny
s1273.jpg,4,4,sunny,sunny
c3618.jpg,0,0,cloudy,cloudy
c1602.jpg,0,0,cloudy,cloudy
s3117.jpg,4,4,sunny,sunny
s0773.jpg,4,4,sunny,sunny
foggy day-78.jpeg,1,0,foggy,cloudy
c4340.jpg,0,0,cloudy,cloudy
s2275.jpg,4,4,sunny,sunny
rainy weather-41.jpeg,2,2,rainy,rainy
1382.jpg,3,3,snowy,snowy
s0921.jpg,4,4,sunny,sunny
0989.jpg,3,3,snowy,snowy
3249702127.jpg,3,2,snowy,rainy
cloudy weather-105.jpeg,0,0,cloudy,cloudy
163005825.jpg,1,0,foggy,cloudy
c0477.jpg,0,0,cloudy,cloudy
2227216116.jpg,1,1,foggy,foggy
s4262.jpg,4,4,sunny,sunny
s2991.jpg,4,4,sunny,sunny
3267438697.jpg,3,3,snowy,snowy
s3587.jpg,4,4,sunny,sunny
s4797.jpg,4,4,sunny,sunny
s3504.jpg,4,4,sunny,sunny
2275696746.jpg,3,4,snowy,sunny
c2622.jpg,0,0,cloudy,cloudy
s2144.jpg,4,4,sunny,sunny
s1327.jpg,4,4,sunny,sunny
c1589.jpg,0,0,cloudy,cloudy
c0449.jpg,0,0,cloudy,cloudy
2232420186.jpg,2,2,rainy,rainy
c1160.jpg,0,2,cloudy,rainy
1292.jpg,3,3,snowy,snowy
s2765.jpg,4,4,sunny,sunny
snowy weather-40.jpeg,3,3,snowy,snowy
c4898.jpg,0,0,cloudy,cloudy
c0360.jpg,0,0,cloudy,cloudy
938627414.jpg,2,0,rainy,cloudy
c2775.jpg,0,0,cloudy,cloudy
1438.jpg,3,4,snowy,sunny
4756.jpg,1,1,foggy,foggy
c1320.jpg,0,0,cloudy,cloudy
snowy weather-141.jpeg,3,3,snowy,snowy
c0231.jpg,0,0,cloudy,cloudy
23488512.jpg,0,0,cloudy,cloudy
c0380.jpg,0,4,cloudy,sunny
c1600.jpg,0,0,cloudy,cloudy
s2530.jpg,4,3,sunny,snowy
c4046.jpg,0,0,cloudy,cloudy
s0260.jpg,4,3,sunny,snowy
